canonical_id,nih_reporter_name,nih_reporter_ipf_code,org_city,org_state,org_country,canonical_name,ror_link,ror_id,grid_id,email_domains,openalex_link,openalex_id
us-al-university-of-alabama-birmingham,UNIVERSITY OF ALABAMA AT BIRMINGHAM,1288803,BIRMINGHAM,AL,US,University of Alabama Birmingham,https://ror.org/008s83205,008s83205,grid.265892.2,uab.edu|uabmc.edu,https://openalex.org/i32389192,I32389192
us-ar-arkansas-children-s-hospital-research-institute,ARKANSAS CHILDREN'S HOSPITAL RES INST,491702,LITTLE ROCK,AR,US,Arkansas Children's Hospital Research Institute,https://ror.org/01t33qq42,01t33qq42,grid.239305.e,uams.edu,https://openalex.org/i1301864278,I1301864278
us-ar-university-of-arkansas-for-medical-sciences,UNIVERSITY OF ARKANSAS FOR MEDICAL SCIENCES,1471106,LITTLE ROCK,AR,US,University of Arkansas for Medical Sciences,https://ror.org/005k4dn45,005k4dn45,grid.416947.9,uams.edu,https://openalex.org/i79620101,I79620101
us-az-arizona-state-university-tempe,ARIZONA STATE UNIVERSITY-TEMPE CAMPUS,488301,SCOTTSDALE,AZ,US,Arizona State University-Tempe,https://ror.org/03efmqc40,03efmqc40,grid.215654.1,asu.edu,https://openalex.org/i55732556,I55732556
us-az-mayo-clinic-arizona,MAYO CLINIC ARIZONA,4976104,SCOTTSDALE,AZ,US,Mayo Clinic Arizona,https://ror.org/03jp40720,03jp40720,grid.417468.8,mayo.edu,https://openalex.org/i4210125099,I4210125099
us-az-university-of-arizona,UNIVERSITY OF ARIZONA,490201,TUCSON,AZ,US,University of Arizona,https://ror.org/03m2x1q45,03m2x1q45,grid.134563.6,arizona.edu,https://openalex.org/i138006243,I138006243
us-ca-university-of-california-berkeley,UNIVERSITY OF CALIFORNIA BERKELEY,577502,BERKELEY,CA,US,"University of California, Berkeley",https://ror.org/01an7q238,01an7q238,grid.47840.3f,berkeley.edu,https://openalex.org/i95457486,I95457486
us-ca-university-of-california-davis,UNIVERSITY OF CALIFORNIA AT DAVIS,577503,DAVIS,CA,US,"University of California, Davis",https://ror.org/05rrcem69,05rrcem69,grid.27860.3b,ucdavis.edu,https://openalex.org/i84218800,I84218800
us-ca-beckman-research-institute,BECKMAN RESEARCH INSTITUTE/CITY OF HOPE,3058203,DUARTE,CA,US,Beckman Research Institute,https://ror.org/05fazth07,05fazth07,,coh.org,https://openalex.org/i4387156432,I4387156432
us-ca-university-of-california-irvine,UNIVERSITY OF CALIFORNIA-IRVINE,577504,IRVINE,CA,US,"University of California, Irvine",https://ror.org/04gyf1771,04gyf1771,grid.266093.8,uci.edu,https://openalex.org/i204250578,I204250578
us-ca-la-jolla-institute-for-immunology,LA JOLLA INSTITUTE FOR IMMUNOLOGY,2465301,LA JOLLA,CA,US,La Jolla Institute for Immunology,https://ror.org/05vkpd318,05vkpd318,grid.185006.a,lji.org,https://openalex.org/i1311191458,I1311191458
us-ca-salk-institute-for-biological-studies,SALK INSTITUTE FOR BIOLOGICAL STUDIES,7210001,La Jolla,CA,US,Salk Institute for Biological Studies,https://ror.org/03xez1567,03xez1567,grid.250671.7,salk.edu,https://openalex.org/i1307098950,I1307098950
us-ca-sanford-burnham-medical-research-institute,SANFORD BURNHAM PREBYS MEDICAL DISCOVERY INSTITUTE,1180101,LA JOLLA,CA,US,Sanford Burnham Medical Research Institute,https://ror.org/03m1g2s55,03m1g2s55,grid.479509.6,burnham.org|sanfordburnham.org|sbpdiscovery.edu,https://openalex.org/i188891513,I188891513
us-ca-scripps-research-institute,"SCRIPPS RESEARCH INSTITUTE, THE",7375802,LA JOLLA,CA,US,Scripps Research Institute,https://ror.org/02dxx6824,02dxx6824,grid.214007.0,scripps.edu,https://openalex.org/i123431417,I123431417
us-ca-university-of-california-san-diego,"UNIVERSITY OF CALIFORNIA, SAN DIEGO",577507,LA JOLLA,CA,US,University of California San Diego,https://ror.org/0168r3w48,0168r3w48,grid.266100.3,ucsd.edu,https://openalex.org/i36258959,I36258959
us-ca-cedars-sinai-medical-center,CEDARS-SINAI MEDICAL CENTER,1225501,LOS ANGELES,CA,US,Cedars-Sinai Medical Center,https://ror.org/02pammg90,02pammg90,grid.50956.3f,cshs.org|csmc.edu,https://openalex.org/i1282927834,I1282927834
us-ca-university-of-california-los-angeles,UNIVERSITY OF CALIFORNIA LOS ANGELES,577505,LOS ANGELES,CA,US,University of California Los Angeles,https://ror.org/046rm7j60,046rm7j60,grid.19006.3e,ucla.edu,https://openalex.org/i161318765,I161318765
us-ca-university-of-southern-california,UNIVERSITY OF SOUTHERN CALIFORNIA,7636101,Los Angeles,CA,US,University of Southern California,https://ror.org/03taz7m60,03taz7m60,grid.42505.36,usc.edu,https://openalex.org/i1174212,I1174212
us-ca-stanford-research-institute,SRI INTERNATIONAL,8042701,MENLO PARK,CA,US,Stanford Research Institute,https://ror.org/05s570m15,05s570m15,grid.98913.3a,,https://openalex.org/i1298353152,I1298353152
us-ca-university-of-california-merced,"UNIVERSITY OF CALIFORNIA, MERCED",10002981,MERCED,CA,US,University of California Merced,https://ror.org/00d9ah105,00d9ah105,grid.266096.d,ucmerced.edu,https://openalex.org/i156087764,I156087764
us-ca-kaiser-foundation-research-institute,KAISER FOUNDATION RESEARCH INSTITUTE,3497005,Oakland,CA,US,Kaiser Foundation Research Institute,https://ror.org/00t60zh31,00t60zh31,grid.280062.e,kp.org,https://openalex.org/i4210148877,I4210148877
us-ca-california-institute-of-technology,CALIFORNIA INSTITUTE OF TECHNOLOGY,1073501,PASADENA,CA,US,California Institute of Technology,https://ror.org/05dxps055,05dxps055,grid.20861.3d,caltech.edu,https://openalex.org/i122411786,I122411786
us-ca-university-of-california-riverside,UNIVERSITY OF CALIFORNIA RIVERSIDE,577506,RIVERSIDE,CA,US,"University of California, Riverside",https://ror.org/03nawhv43,03nawhv43,grid.266097.c,ucr.edu,https://openalex.org/i103635307,I103635307
us-ca-gladstone-institutes,J. DAVID GLADSTONE INSTITUTES,1567601,SAN FRANCISCO,CA,US,Gladstone Institutes,https://ror.org/038321296,038321296,grid.249878.8,gladstone.ucsf.edu,https://openalex.org/i1321430492,I1321430492
us-ca-university-of-california-san-francisco,"UNIVERSITY OF CALIFORNIA, SAN FRANCISCO",577508,SAN FRANCISCO,CA,US,"University of California, San Francisco",https://ror.org/043mz5j54,043mz5j54,grid.266102.1,ucsf.edu,https://openalex.org/i180670191,I180670191
us-ca-university-of-california-santa-cruz,UNIVERSITY OF CALIFORNIA SANTA CRUZ,577510,SANTA CRUZ,CA,US,"University of California, Santa Cruz",https://ror.org/03s65by71,03s65by71,grid.205975.c,ucsc.edu,https://openalex.org/i185103710,I185103710
us-ca-stanford-university,STANFORD UNIVERSITY,8046501,STANFORD,CA,US,Stanford University,https://ror.org/00f54p054,00f54p054,grid.168010.e,stanford.edu,https://openalex.org/i97018004,I97018004
us-ca-harbor-ucla-medical-center,LUNDQUIST INSTITUTE FOR BIOMEDICAL INNOVATION AT HARBOR-UCLA MEDICAL CENTER,2543101,TORRANCE,CA,US,Harbor-UCLA Medical Center,https://ror.org/05h4zj272,05h4zj272,grid.239844.0,lundquist.org,https://openalex.org/i4210165985,I4210165985
us-co-university-of-colorado-denver,UNIVERSITY OF COLORADO DENVER,1199905,Aurora,CO,US,University of Colorado Denver,https://ror.org/02hh7en24,02hh7en24,grid.241116.1,cuanschutz.edu|ucdenver.edu,https://openalex.org/i921990950,I921990950
us-co-university-of-colorado-boulder,UNIVERSITY OF COLORADO,1199902,Boulder,CO,US,University of Colorado Boulder,https://ror.org/02ttsq026,02ttsq026,grid.266190.a,colorado.edu,https://openalex.org/i188538660,I188538660
us-co-national-jewish-health,NATIONAL JEWISH HEALTH,5720901,DENVER,CO,US,National Jewish Health,https://ror.org/016z2bp30,016z2bp30,grid.240341.0,njhealth.org,https://openalex.org/i3019586173,I3019586173
us-co-colorado-state-university,COLORADO STATE UNIVERSITY,1725201,FORT COLLINS,CO,US,Colorado State University,https://ror.org/03k1gpj17,03k1gpj17,grid.47894.36,colostat.edu,https://openalex.org/i92446798,I92446798
us-ct-university-of-connecticut-school-of-medicine,UNIVERSITY OF CONNECTICUT SCHOOL OF MED/DNT,1506603,FARMINGTON,CT,US,University of Connecticut School of Medicine,https://ror.org/02kzs4y22,02kzs4y22,grid.208078.5,uchc.edu,https://openalex.org/i75929689,I75929689
us-ct-yale-university,YALE UNIVERSITY,9420201,NEW HAVEN,CT,US,Yale University,https://ror.org/03v76x132,03v76x132,grid.47100.32,yale.edu,https://openalex.org/i32971472,I32971472
us-dc-george-washington-university,GEORGE WASHINGTON UNIVERSITY,2863301,WASHINGTON,DC,US,George Washington University,https://ror.org/00y4zzh67,00y4zzh67,grid.253615.6,gwu.edu,https://openalex.org/i193531525,I193531525
us-dc-georgetown-university,GEORGETOWN UNIVERSITY,2869001,WASHINGTON,DC,US,Georgetown University,https://ror.org/05vzafd60,05vzafd60,grid.213910.8,georgetown.edu,https://openalex.org/i184565670,I184565670
us-fl-university-of-miami-school-of-medicine,UNIVERSITY OF MIAMI SCHOOL OF MEDICINE,5221250,CORAL GABLES,FL,US,University of Miami School of Medicine,https://ror.org/02dgjyy92,02dgjyy92,grid.26790.3a,med.miami.edu,https://openalex.org/i145608581,I145608581
us-fl-university-of-florida,UNIVERSITY OF FLORIDA,513806,GAINESVILLE,FL,US,University of Florida,https://ror.org/02y3ad647,02y3ad647,grid.15276.37,ufl.edu,https://openalex.org/i33213144,I33213144
us-fl-scripps-florida,SCRIPPS FLORIDA,10005569,JUPITER,FL,US,Scripps Florida,https://ror.org/056pdzs28,056pdzs28,,,https://openalex.org/i4387156289,I4387156289
us-fl-florida-international-university,FLORIDA INTERNATIONAL UNIVERSITY,513809,MIAMI,FL,US,Florida International University,https://ror.org/02gz6gg07,02gz6gg07,grid.65456.34,fiu.edu,https://openalex.org/i19700959,I19700959
us-fl-university-of-central-florida,UNIVERSITY OF CENTRAL FLORIDA,513805,ORLANDO,FL,US,University of Central Florida,https://ror.org/036nfer12,036nfer12,grid.170430.1,,https://openalex.org/i106165777,I106165777
us-fl-florida-state-university,FLORIDA STATE UNIVERSITY,513804,TALLAHASSEE,FL,US,Florida State University,https://ror.org/05g3dte14,05g3dte14,grid.255986.5,fsu.edu,https://openalex.org/i103163165,I103163165
us-fl-university-of-south-florida,UNIVERSITY OF SOUTH FLORIDA,513807,TAMPA,FL,US,University of South Florida,https://ror.org/032db5x82,032db5x82,grid.170693.a,usf.edu,https://openalex.org/i2613432,I2613432
us-ga-university-of-georgia,UNIVERSITY OF GEORGIA,676602,ATHENS,GA,US,University of Georgia,https://ror.org/00te3t702,00te3t702,grid.213876.9,uga.edu,https://openalex.org/i165733156,I165733156
us-ga-emory-university,EMORY UNIVERSITY,2384501,ATLANTA,GA,US,Emory University,https://ror.org/03czfpz43,03czfpz43,grid.189967.8,emory.edu,https://openalex.org/i150468666,I150468666
us-ga-georgia-institute-of-technology,GEORGIA INSTITUTE OF TECHNOLOGY,676603,ATLANTA,GA,US,Georgia Institute of Technology,https://ror.org/01zkghx44,01zkghx44,grid.213917.f,gatech.edu,https://openalex.org/i130701444,I130701444
us-ga-georgia-state-university,GEORGIA STATE UNIVERSITY,676604,ATLANTA,GA,US,Georgia State University,https://ror.org/03qt6ba18,03qt6ba18,grid.256304.6,gsu.edu,https://openalex.org/i181565077,I181565077
us-ia-iowa-state-university,IOWA STATE UNIVERSITY,3974801,AMES,IA,US,Iowa State University,https://ror.org/04rswrd78,04rswrd78,grid.34421.30,iastate.edu,https://openalex.org/i173911158,I173911158
us-ia-university-of-iowa,UNIVERSITY OF IOWA,3972901,IOWA CITY,IA,US,University of Iowa,https://ror.org/036jqmy94,036jqmy94,grid.214572.7,uiowa.edu,https://openalex.org/i126307644,I126307644
us-il-university-of-illinois-urbana-champaign,UNIVERSITY OF ILLINOIS AT URBANA-CHAMPAIGN,577704,CHAMPAIGN,IL,US,University of Illinois Urbana-Champaign,https://ror.org/047426m28,047426m28,grid.35403.31,illinois.edu|uiuc.edu,https://openalex.org/i157725225,I157725225
us-il-lurie-children-s-hospital,LURIE CHILDREN'S HOSPITAL OF CHICAGO,1525701,CHICAGO,IL,US,Lurie Children's Hospital,https://ror.org/03a6zw892,03a6zw892,grid.413808.6,luriechildrens.org,https://openalex.org/i1294278766,I1294278766
us-il-northwestern-university,NORTHWESTERN UNIVERSITY AT CHICAGO,6144650,CHICAGO,IL,US,Northwestern University,https://ror.org/00m6w7z96,00m6w7z96,grid.443107.5,northwestern.edu,https://openalex.org/i111979921,I111979921
us-il-rush-university-medical-center,RUSH UNIVERSITY MEDICAL CENTER,6644301,CHICAGO,IL,US,Rush University Medical Center,https://ror.org/01j7c0b24,01j7c0b24,grid.240684.c,rush.edu,https://openalex.org/i1285301757,I1285301757
us-il-university-of-chicago,UNIVERSITY OF CHICAGO,1413601,CHICAGO,IL,US,University of Chicago,https://ror.org/024mw5h28,024mw5h28,grid.170205.1,uchicago.edu,https://openalex.org/i40347166,I40347166
us-il-university-of-illinois-chicago,UNIVERSITY OF ILLINOIS AT CHICAGO,577703,Chicago,IL,US,University of Illinois Chicago,https://ror.org/02mpq6x41,02mpq6x41,grid.185648.6,uic.edu,https://openalex.org/i39422238,I39422238
us-il-loyola-university-chicago,LOYOLA UNIVERSITY CHICAGO,4689203,MAYWOOD,IL,US,Loyola University Chicago,https://ror.org/04b6x2g63,04b6x2g63,grid.164971.c,luc.edu,https://openalex.org/i1925986,I1925986
us-in-indiana-university-bloomington,TRUSTEES OF INDIANA UNIVERSITY,577805,BLOOMINGTON,IN,US,Indiana University Bloomington,https://ror.org/01kg8sb98,01kg8sb98,grid.257410.5,iu.edu,https://openalex.org/i4210119109,I4210119109
us-in-indiana-university-indianapolis,INDIANA UNIVERSITY INDIANAPOLIS,577806,INDIANAPOLIS,IN,US,Indiana University Indianapolis,https://ror.org/03eftgw80,03eftgw80,,indiana.edu|iu.edu,https://openalex.org/i4388446366,I4388446366
us-in-university-of-notre-dame,UNIVERSITY OF NOTRE DAME,6169301,NOTRE DAME,IN,US,University of Notre Dame,https://ror.org/04mwhg379,04mwhg379,grid.443030.0,nd.edu,https://openalex.org/i107639228,I107639228
us-in-purdue-university,PURDUE UNIVERSITY,1481402,WEST LAFAYETTE,IN,US,Purdue University,https://ror.org/05p8z3f47,05p8z3f47,grid.411031.6,purdue.edu,https://openalex.org/i219193219,I219193219
us-ks-university-of-kansas-medical-center,UNIVERSITY OF KANSAS MEDICAL CENTER,1484303,KANSAS CITY,KS,US,University of Kansas Medical Center,https://ror.org/036c9yv20,036c9yv20,grid.412016.0,kumc.edu,https://openalex.org/i4210128618,I4210128618
us-ks-university-of-kansas-lawrence,UNIVERSITY OF KANSAS LAWRENCE,1484302,LAWRENCE,KS,US,University of Kansas Lawrence,https://ror.org/001tmjg57,001tmjg57,grid.266515.3,ku.edu,https://openalex.org/i146416000,I146416000
us-ks-kansas-state-university,KANSAS STATE UNIVERSITY,4202801,MANHATTAN,KS,US,Kansas State University,https://ror.org/05p1j8758,05p1j8758,grid.36567.31,k-state.edu|ksu.edu,https://openalex.org/i189590672,I189590672
us-ky-university-of-kentucky,UNIVERSITY OF KENTUCKY,2793601,LEXINGTON,KY,US,University of Kentucky,https://ror.org/02k3smh20,02k3smh20,grid.266539.d,uky.edu,https://openalex.org/i143302722,I143302722
us-ky-university-of-louisville,UNIVERSITY OF LOUISVILLE,4679701,LOUISVILLE,KY,US,University of Louisville,https://ror.org/01ckdn478,01ckdn478,grid.266623.5,,https://openalex.org/i142740786,I142740786
us-la-louisiana-state-university-baton-rouge,LOUISIANA STATE UNIVERSITY A&M COL BATON ROUGE,577907,BATON ROUGE,LA,US,Louisiana State University Baton Rouge,https://ror.org/05ect4e57,05ect4e57,grid.64337.35,lsu.edu,https://openalex.org/i121820613,I121820613
us-la-tulane-university,TULANE UNIVERSITY OF LOUISIANA,8424601,NEW ORLEANS,LA,US,Tulane University,https://ror.org/04vmvtb21,04vmvtb21,grid.265219.b,tulane.edu,https://openalex.org/i114832834,I114832834
us-ma-beth-israel-deaconess-medical-center,BETH ISRAEL DEACONESS MEDICAL CENTER,758101,BOSTON,MA,US,Beth Israel Deaconess Medical Center,https://ror.org/04drvxt59,04drvxt59,grid.239395.7,bidmc.harvard.edu,https://openalex.org/i1316535847,I1316535847
us-ma-boston-children-s-hospital,BOSTON CHILDREN'S HOSPITAL,1504801,BOSTON,MA,US,Boston Children's Hospital,https://ror.org/00dvg7y05,00dvg7y05,grid.2515.3,chboston.org|childriens.harvard.edu,https://openalex.org/i1288882113,I1288882113
us-ma-boston-medical-center,BOSTON MEDICAL CENTER,3617301,BOSTON,MA,US,Boston Medical Center,https://ror.org/010b9wj87,010b9wj87,grid.239424.a,bmc.org|bu.edu,https://openalex.org/i1286490081,I1286490081
us-ma-boston-university,BOSTON UNIVERSITY MEDICAL CAMPUS,894901,BOSTON,MA,US,Boston University,https://ror.org/05qwgg493,05qwgg493,grid.189504.1,bmc.org|bu.edu,https://openalex.org/i111088046,I111088046
us-ma-brigham-and-women-s-hospital,BRIGHAM AND WOMEN'S HOSPITAL,1080401,BOSTON,MA,US,Brigham and Women's Hospital,https://ror.org/04b6nzv94,04b6nzv94,grid.62560.37,bwh.harvard.edu,https://openalex.org/i1283280774,I1283280774
us-ma-dana-farber-cancer-institute,DANA-FARBER CANCER INST,1464901,BOSTON,MA,US,Dana-Farber Cancer Institute,https://ror.org/02jzgtq86,02jzgtq86,grid.65499.37,dfci.harvard.edu,https://openalex.org/i4210117453,I4210117453
us-ma-harvard-university,HARVARD MEDICAL SCHOOL,3212902,BOSTON,MA,US,Harvard University,https://ror.org/03vek6s52,03vek6s52,grid.38142.3c,hms.harvard.edu,https://openalex.org/i136199984,I136199984
us-ma-massachusetts-general-hospital,MASSACHUSETTS GENERAL HOSPITAL,4907701,BOSTON,MA,US,Massachusetts General Hospital,https://ror.org/002pd6e78,002pd6e78,grid.32224.35,mgh.harvard.edu,https://openalex.org/i4210087915,I4210087915
us-ma-northeastern-university,NORTHEASTERN UNIVERSITY,6116101,BOSTON,MA,US,Northeastern University,https://ror.org/04t5xt781,04t5xt781,grid.261112.7,neu.edu|northeastern.edu,https://openalex.org/i12912129,I12912129
us-ma-tufts-university,TUFTS UNIVERSITY BOSTON,8422704,BOSTON,MA,US,Tufts University,https://ror.org/05wvpxv85,05wvpxv85,grid.429997.8,tufts.edu,https://openalex.org/i121934306,I121934306
us-ma-broad-institute,"BROAD INSTITUTE, INC.",10021177,CAMBRIDGE,MA,US,Broad Institute,https://ror.org/05a0ya142,05a0ya142,grid.66859.34,broadinstitute.org,https://openalex.org/i107606265,I107606265
us-ma-massachusetts-institute-of-technology,MASSACHUSETTS INSTITUTE OF TECHNOLOGY,4911501,CAMBRIDGE,MA,US,Massachusetts Institute of Technology,https://ror.org/042nb2s44,042nb2s44,grid.116068.8,mit.edu,https://openalex.org/i63966007,I63966007
us-ma-boston-college,BOSTON COLLEGE,872101,CHESTNUT HILL,MA,US,Boston College,https://ror.org/02n2fzt79,02n2fzt79,grid.208226.c,bc.edu,https://openalex.org/i103531236,I103531236
us-ma-university-of-massachusetts-amherst,UNIVERSITY OF MASSACHUSETTS AMHERST,850904,HADLEY,MA,US,University of Massachusetts Amherst,https://ror.org/0072zz521,0072zz521,grid.266683.f,umass.edu,https://openalex.org/i24603500,I24603500
us-ma-university-of-massachusetts-chan-medical-school,UNIVERSITY OF MASSACHUSETTS MEDICAL SCHOOL WORCESTER,850903,WORCESTER,MA,US,University of Massachusetts Chan Medical School,https://ror.org/0464eyp60,0464eyp60,grid.168645.8,umassmed.edu,https://openalex.org/i166722992,I166722992
us-md-johns-hopkins-university,JOHNS HOPKINS UNIVERSITY,4134401,BALTIMORE,MD,US,Johns Hopkins University,https://ror.org/00za53h95,00za53h95,grid.21107.35,jhmi.edu|jhu.edu,https://openalex.org/i145311948,I145311948
us-md-university-of-maryland-baltimore,UNIVERSITY OF MARYLAND BALTIMORE,820104,BALTIMORE,MD,US,"University of Maryland, Baltimore",https://ror.org/04rq5mt64,04rq5mt64,grid.411024.2,som.umaryland.edu,https://openalex.org/i126744593,I126744593
us-md-henry-m-jackson-foundation,HENRY M. JACKSON FDN FOR THE ADV MIL/MED,1809301,BETHESDA,MD,US,Henry M. Jackson Foundation,https://ror.org/04q9tew83,04q9tew83,grid.201075.1,,https://openalex.org/i1280259254,I1280259254
us-md-university-of-maryland-college-park,"UNIVERSITY OF MARYLAND, COLLEGE PARK",820102,COLLEGE PARK,MD,US,"University of Maryland, College Park",https://ror.org/047s2c258,047s2c258,grid.164295.d,umd.edu,https://openalex.org/i66946132,I66946132
us-me-jackson-laboratory,JACKSON LABORATORY,7096501,BAR HARBOR,ME,US,Jackson Laboratory,https://ror.org/021sy4w91,021sy4w91,grid.249880.f,jax.org,https://openalex.org/i4210115256,I4210115256
us-mi-university-of-michigan-at-ann-arbor,UNIVERSITY OF MICHIGAN AT ANN ARBOR,1506502,ANN ARBOR,MI,US,University of Michigan at Ann Arbor,https://ror.org/00jmfr291,00jmfr291,grid.214458.e,umich.edu,https://openalex.org/i27837315,I27837315
us-mi-wayne-state-university,WAYNE STATE UNIVERSITY,9110501,DETROIT,MI,US,Wayne State University,https://ror.org/01070mq45,01070mq45,grid.254444.7,wayne.edu,https://openalex.org/i185443292,I185443292
us-mi-michigan-state-university,MICHIGAN STATE UNIVERSITY,5245901,EAST LANSING,MI,US,Michigan State University,https://ror.org/05hs6h993,05hs6h993,grid.17088.36,msu.edu,https://openalex.org/i87216513,I87216513
us-mn-university-of-minnesota,UNIVERSITY OF MINNESOTA,1450402,MINNEAPOLIS,MN,US,University of Minnesota,https://ror.org/017zqws13,017zqws13,grid.17635.36,umn.edu,https://openalex.org/i130238516,I130238516
us-mn-mayo-clinic-rochester,MAYO CLINIC ROCHESTER,4976101,ROCHESTER,MN,US,Mayo Clinic Rochester,https://ror.org/02qp3tb03,02qp3tb03,grid.66875.3a,mayo.edu,https://openalex.org/i1330342723,I1330342723
us-mo-university-of-missouri-columbia,UNIVERSITY OF MISSOURI-COLUMBIA,578002,COLUMBIA,MO,US,University of Missouri-Columbia,https://ror.org/02ymw8z06,02ymw8z06,grid.134936.a,missouri.edu,https://openalex.org/i76835614,I76835614
us-mo-saint-louis-university,SAINT LOUIS UNIVERSITY,7915401,SAINT LOUIS,MO,US,Saint Louis University,https://ror.org/01p7jjy08,01p7jjy08,grid.262962.b,slu.edu,https://openalex.org/i47838141,I47838141
us-mo-washington-university,WASHINGTON UNIVERSITY,9083901,SAINT LOUIS,MO,US,Washington University,https://ror.org/01yc7t268,01yc7t268,grid.4367.6,wustl.edu,https://openalex.org/i204465549,I204465549
us-mt-montana-state-university-bozeman,MONTANA STATE UNIVERSITY - BOZEMAN,1381004,BOZEMAN,MT,US,Montana State University Bozeman,https://ror.org/02w0trx84,02w0trx84,grid.41891.35,montana.edu,https://openalex.org/i23732399,I23732399
us-mt-university-of-montana,UNIVERSITY OF MONTANA,1381006,MISSOULA,MT,US,University of Montana,https://ror.org/0078xmk34,0078xmk34,grid.253613.0,montana.edu|umt.edu,https://openalex.org/i6750721,I6750721
us-nc-university-of-north-carolina-chapel-hill,UNIVERSITY OF NORTH CAROLINA CHAPEL HILL,578206,CHAPEL HILL,NC,US,University of North Carolina Chapel Hill,https://ror.org/0130frc33,0130frc33,grid.10698.36,unc.edu,https://openalex.org/i114027177,I114027177
us-nc-duke-university,DUKE UNIVERSITY,2221101,DURHAM,NC,US,Duke University,https://ror.org/00py81415,00py81415,grid.26009.3d,duke.edu,https://openalex.org/i170897317,I170897317
us-nc-east-carolina-university,EAST CAROLINA UNIVERSITY,578209,GREENVILLE,NC,US,East Carolina University,https://ror.org/01vx35703,01vx35703,grid.255364.3,ecu.edu,https://openalex.org/i186335123,I186335123
us-nc-north-carolina-state-university-raleigh,NORTH CAROLINA STATE UNIVERSITY RALEIGH,578204,RALEIGH,NC,US,North Carolina State University Raleigh,https://ror.org/04tj63d06,04tj63d06,grid.40803.3f,ncsu.edu,https://openalex.org/i137902535,I137902535
us-nc-research-triangle-institute,RESEARCH TRIANGLE INSTITUTE,6939101,RESEARCH TRIANGLE PARK,NC,US,Research Triangle Institute,https://ror.org/052tfza37,052tfza37,grid.62562.35,rti.org,https://openalex.org/i180297670,I180297670
us-nc-wake-forest-university-health-sciences,WAKE FOREST UNIVERSITY HEALTH SCIENCES,9021205,WINSTON-SALEM,NC,US,Wake Forest University Health Sciences,https://ror.org/0207ad724,0207ad724,grid.241167.7,wakehealth.edu|wfusm.edu,https://openalex.org/i47251452,I47251452
us-nd-university-of-north-dakota,UNIVERSITY OF NORTH DAKOTA,6093301,GRAND FORKS,ND,US,University of North Dakota,https://ror.org/04a5szx83,04a5szx83,grid.266862.e,und.edu,https://openalex.org/i24571045,I24571045
us-ne-creighton-university,CREIGHTON UNIVERSITY,1943701,OMAHA,NE,US,Creighton University,https://ror.org/05wf30g94,05wf30g94,grid.254748.8,creighton.edu,https://openalex.org/i114493937,I114493937
us-ne-university-of-nebraska-medical-center,UNIVERSITY OF NEBRASKA MEDICAL CENTER,578104,OMAHA,NE,US,University of Nebraska Medical Center,https://ror.org/00thqtb16,00thqtb16,grid.266813.8,unmc.edu,https://openalex.org/i59130452,I59130452
us-nh-dartmouth-college,DARTMOUTH COLLEGE,2021601,HANOVER,NH,US,Dartmouth College,https://ror.org/049s0rh22,049s0rh22,grid.254880.3,dartmouth.edu,https://openalex.org/i107672454,I107672454
us-nj-hackensack-university-medical-center,HACKENSACK UNIVERSITY MEDICAL CENTER,3117901,HACKENSACK,NJ,US,Hackensack University Medical Center,https://ror.org/008zj0x80,008zj0x80,grid.239835.6,hmh-cdi.org,https://openalex.org/i1324520350,I1324520350
us-nj-rutgers-new-jersey-medical-school,RBHS-NEW JERSEY MEDICAL SCHOOL,10034169,NEWARK,NJ,US,Rutgers New Jersey Medical School,https://ror.org/014ye1258,014ye1258,,njms.rutgers.edu|rutgers.edu,https://openalex.org/i4402554120,I4402554120
us-nj-rutgers-biomedical-and-health-sciences,RUTGERS BIOMEDICAL AND HEALTH SCIENCES,10034168,Newark,NJ,US,Rutgers Biomedical and Health Sciences,https://ror.org/029z02k15,029z02k15,,njms.rutgers.edu|rutgers.edu,https://openalex.org/i4390039302,I4390039302
us-nj-rutgers,"RUTGERS, THE STATE UNIVERSITY OF N.J.",1196203,PISCATAWAY,NJ,US,Rutgers,https://ror.org/05vt9qd57,05vt9qd57,grid.430387.b,rutgers.edu,https://openalex.org/i102322142,I102322142
us-nj-princeton-university,PRINCETON UNIVERSITY,6661401,Princeton,NJ,US,Princeton University,https://ror.org/00hx57361,00hx57361,grid.16750.35,princeton.edu,https://openalex.org/i20089843,I20089843
us-nm-university-of-new-mexico-health-sciences-center,UNIVERSITY OF NEW MEXICO HEALTH SCIENCES CTR,10021612,ALBUQUERQUE,NM,US,University of New Mexico Health Sciences Center,https://ror.org/02jvjmd55,02jvjmd55,,salud.unm.edu,https://openalex.org/i4405255059,I4405255059
us-nv-university-of-nevada-reno,UNIVERSITY OF NEVADA RENO,829903,RENO,NV,US,University of Nevada Reno,https://ror.org/01keh0577,01keh0577,grid.266818.3,unr.edu,https://openalex.org/i134113660,I134113660
us-ny-albany-medical-college,ALBANY MEDICAL COLLEGE,8455007,ALBANY,NY,US,Albany Medical College,https://ror.org/03g66yt05,03g66yt05,,amc.edu,https://openalex.org/i4405260259,I4405260259
us-ny-state-university-of-new-york-at-buffalo,STATE UNIVERSITY OF NEW YORK AT BUFFALO,5992614,AMHERST,NY,US,State University of New York at Buffalo,https://ror.org/01y64my43,01y64my43,grid.273335.3,buffalo.edu,https://openalex.org/i63190737,I63190737
us-ny-albert-einstein-college-of-medicine,ALBERT EINSTEIN COLLEGE OF MEDICINE,10053556,BRONX,NY,US,Albert Einstein College of Medicine,https://ror.org/05cf8a891,05cf8a891,grid.251993.5,aecom.yu.edu|einsteinmed.edu,https://openalex.org/i129975664,I129975664
us-ny-cold-spring-harbor-laboratory,COLD SPRING HARBOR LABORATORY,4577101,COLD SPRING HARBOR,NY,US,Cold Spring Harbor Laboratory,https://ror.org/02qz8b764,02qz8b764,grid.225279.9,cshl.edu,https://openalex.org/i2750212522,I2750212522
us-ny-cornell-university,CORNELL UNIVERSITY,1514802,ITHACA,NY,US,Cornell University,https://ror.org/05bnh6r87,05bnh6r87,grid.5386.8,cornell.edu,https://openalex.org/i205783295,I205783295
us-ny-feinstein-institute-for-medical-research,FEINSTEIN INSTITUTE FOR MEDICAL RESEARCH,4155008,MANHASSET,NY,US,Feinstein Institute for Medical Research,https://ror.org/05dnene97,05dnene97,grid.250903.d,northwell.edu,https://openalex.org/i1327576362,I1327576362
us-ny-wadsworth-center,WADSWORTH CENTER,5966012,MENANDS,NY,US,Wadsworth Center,https://ror.org/050kf9c55,050kf9c55,grid.465543.5,health.ny.gov,https://openalex.org/i1339417872,I1339417872
us-ny-columbia-university,COLUMBIA UNIVERSITY HEALTH SCIENCES,1833205,NEW YORK,NY,US,Columbia University,https://ror.org/00hj8s172,00hj8s172,grid.21729.3f,columbia.edu|cumc.columbia.edu,https://openalex.org/i78577930,I78577930
us-ny-icahn-school-of-medicine-at-mount-sinai,ICAHN SCHOOL OF MEDICINE AT MOUNT SINAI,3839801,NEW YORK,NY,US,Icahn School of Medicine at Mount Sinai,https://ror.org/04a9tmd77,04a9tmd77,grid.59734.3c,mountsinai.org|mssm.edu,https://openalex.org/i98704320,I98704320
us-ny-new-york-blood-center,NEW YORK BLOOD CENTER,1782801,NEW YORK,NY,US,New York Blood Center,https://ror.org/01xvcf081,01xvcf081,grid.250415.7,nybloodcenter.org,https://openalex.org/i1343675862,I1343675862
us-ny-new-york-university-school-of-medicine,NEW YORK UNIVERSITY SCHOOL OF MEDICINE,5998304,NEW YORK,NY,US,New York University Grossman School of Medicine,https://ror.org/0190ak572,0190ak572,grid.137628.9,med.nyu.edu|nyulangone.org|nyumc.org,https://openalex.org/i57206974,I57206974
us-ny-rockefeller-university,ROCKEFELLER UNIVERSITY,7056601,NEW YORK,NY,US,Rockefeller University,https://ror.org/0420db125,0420db125,grid.134907.8,rockefeller.edu,https://openalex.org/i83399316,I83399316
us-ny-memorial-sloan-kettering,SLOAN-KETTERING INSTITUTE CANCER RESEARCH,5079202,NEW YORK,NY,US,Memorial Sloan-Kettering,https://ror.org/02yrq0923,02yrq0923,grid.51462.34,mskcc.org,https://openalex.org/i1334819555,I1334819555
us-ny-weill-cornell-medicine,WEILL MEDICAL COLL OF CORNELL UNIV,1514803,NEW YORK,NY,US,Weill Cornell Medicine,https://ror.org/02r109517,02r109517,grid.471410.7,med.cornell.edu,https://openalex.org/i4387153466,I4387153466
us-ny-university-of-rochester,UNIVERSITY OF ROCHESTER,7047101,ROCHESTER,NY,US,University of Rochester,https://ror.org/022kthw22,022kthw22,grid.16416.34,rochester.edu,https://openalex.org/i5388228,I5388228
us-ny-state-university-new-york-stony-brook,STATE UNIVERSITY NEW YORK STONY BROOK,5992612,STONY BROOK,NY,US,State University New York Stony Brook,https://ror.org/05qghxh33,05qghxh33,grid.36425.36,stonybrook.edu|stonybrookmedicine.edu|sunysb.edu,https://openalex.org/i59553526,I59553526
us-ny-upstate-medical-university,UPSTATE MEDICAL UNIVERSITY,5992619,SYRACUSE,NY,US,Upstate Medical University,https://ror.org/040kfrw16,040kfrw16,grid.411023.5,upstate.edu,https://openalex.org/i20388574,I20388574
us-oh-cincinnati-childrens-hospital-medical-center,CINCINNATI CHILDRENS HOSP MEDICAL CTR,615001,CINCINNATI,OH,US,Cincinnati Children’S Hospital Medical Center,https://ror.org/01hcyya48,01hcyya48,grid.239573.9,cchmc.org,https://openalex.org/i1285204247,I1285204247
us-oh-university-of-cincinnati,UNIVERSITY OF CINCINNATI,1523902,CINCINNATI,OH,US,University of Cincinnati,https://ror.org/01e3m7079,01e3m7079,grid.24827.3b,uc.edu,https://openalex.org/i63135867,I63135867
us-oh-case-western-reserve-university,CASE WESTERN RESERVE UNIVERSITY,218601,CLEVELAND,OH,US,Case Western Reserve University,https://ror.org/051fd9666,051fd9666,grid.67105.35,case.edu|cwru.edu,https://openalex.org/i58956616,I58956616
us-oh-cleveland-clinic,CLEVELAND CLINIC LERNER COM-CWRU,10000858,CLEVELAND,OH,US,Cleveland Clinic,https://ror.org/02x4b0932,02x4b0932,grid.254293.b,ccf.org,https://openalex.org/i36373038,I36373038
us-oh-ohio-state-university,OHIO STATE UNIVERSITY,6218701,Columbus,OH,US,Ohio State University,https://ror.org/00rs6vg23,00rs6vg23,grid.261331.4,osu.edu|osumc.edu,https://openalex.org/i52357470,I52357470
us-oh-nationwide-children-s-hospital,RESEARCH INSTITUTE NATIONWIDE CHILDREN'S HOSP,1495302,COLUMBUS,OH,US,Nationwide Children's Hospital,https://ror.org/003rfsp33,003rfsp33,grid.240344.5,nationwidechildrens.org,https://openalex.org/i1314135232,I1314135232
us-oh-university-of-toledo-health-science-campus,UNIVERSITY OF TOLEDO HEALTH SCI CAMPUS,229501,TOLEDO,OH,US,University of Toledo Health Science Campus,https://ror.org/01pbdzh19,01pbdzh19,grid.267337.4,utoledo.edu,https://openalex.org/i12057038,I12057038
us-ok-university-of-oklahoma,UNIVERSITY OF OKLAHOMA,1524002,NORMAN,OK,US,University of Oklahoma,https://ror.org/02aqsxs83,02aqsxs83,grid.266900.b,ou.edu,https://openalex.org/i8692664,I8692664
us-ok-oklahoma-medical-research-foundation,OKLAHOMA MEDICAL RESEARCH FOUNDATION,6239601,OKLAHOMA CITY,OK,US,Oklahoma Medical Research Foundation,https://ror.org/035z6xf33,035z6xf33,grid.274264.1,omrf.org,https://openalex.org/i30558944,I30558944
us-ok-university-of-oklahoma-health-sciences-center,UNIVERSITY OF OKLAHOMA HLTH SCIENCES CTR,1524003,OKLAHOMA CITY,OK,US,University of Oklahoma Health Sciences Center,https://ror.org/0457zbj98,0457zbj98,grid.266902.9,ouhsc.edu,https://openalex.org/i49332381,I49332381
us-ok-oklahoma-state-university-stillwater,OKLAHOMA STATE UNIVERSITY STILLWATER,1450502,STILLWATER,OK,US,Oklahoma State University Stillwater,https://ror.org/01g9vbr38,01g9vbr38,grid.65519.3e,okstate.edu,https://openalex.org/i115475287,I115475287
us-or-oregon-health-science-university,OREGON HEALTH & SCIENCE UNIVERSITY,6297007,PORTLAND,OR,US,Oregon Health & Science University,https://ror.org/009avj582,009avj582,grid.5288.7,ohsu.edu,https://openalex.org/i165690674,I165690674
us-pa-pennsylvania-state-university-hershey-medical-center,PENNSYLVANIA STATE UNIVERSITY HERSHEY MEDICAL CTR,1524204,HERSHEY,PA,US,Pennsylvania State University Hershey Medical Center,https://ror.org/01h22ap11,01h22ap11,grid.240473.6,hmc.psu.edu|pennstatehealth.psu.edu|psu.edu,https://openalex.org/i82783531,I82783531
us-pa-children-s-hosp-of-philadelphia,CHILDREN'S HOSP OF PHILADELPHIA,1499101,PHILADELPHIA,PA,US,Children's Hosp of Philadelphia,https://ror.org/01z7r7q48,01z7r7q48,grid.239552.a,chop.edu|med.upenn.edu|pennmedicine.upenn.edu,https://openalex.org/i1335321130,I1335321130
us-pa-drexel-university,DREXEL UNIVERSITY,2205901,PHILADELPHIA,PA,US,Drexel University,https://ror.org/04bdffz58,04bdffz58,grid.166341.7,drexel.edu|drexelmed.edu,https://openalex.org/i72816309,I72816309
us-pa-fox-chase-cancer-center,RESEARCH INSTITUTE OF FOX CHASE CANCER CTR,1190002,PHILADELPHIA,PA,US,Fox Chase Cancer Center,https://ror.org/0567t7073,0567t7073,grid.249335.a,fccc.edu,https://openalex.org/i1289437631,I1289437631
us-pa-temple-university,TEMPLE UNIVERSITY OF THE COMMONWEALTH,8240301,PHILADELPHIA,PA,US,Temple University,https://ror.org/00kx1jb78,00kx1jb78,grid.264727.2,temple.edu,https://openalex.org/i84392919,I84392919
us-pa-thomas-jefferson-university,THOMAS JEFFERSON UNIVERSITY,4050801,PHILADELPHIA,PA,US,Thomas Jefferson University,https://ror.org/00ysqcn41,00ysqcn41,grid.265008.9,jefferson.edu,https://openalex.org/i149251103,I149251103
us-pa-university-of-pennsylvania,UNIVERSITY OF PENNSYLVANIA,6463801,PHILADELPHIA,PA,US,University of Pennsylvania,https://ror.org/00b30xv10,00b30xv10,grid.25879.31,upenn.edu,https://openalex.org/i79576946,I79576946
us-pa-wistar-institute,WISTAR INSTITUTE,9340401,PHILADELPHIA,PA,US,Wistar Institute,https://ror.org/04wncat98,04wncat98,grid.251075.4,wistar.org,https://openalex.org/i102322052,I102322052
us-pa-university-of-pittsburgh,UNIVERSITY OF PITTSBURGH AT PITTSBURGH,2059802,PITTSBURGH,PA,US,University of Pittsburgh,https://ror.org/01an3r305,01an3r305,grid.21925.3d,chp.edu|pitt.edu|upmc.edu,https://openalex.org/i170201317,I170201317
us-pa-pennsylvania-state-university,"PENNSYLVANIA STATE UNIVERSITY, THE",1524202,UNIVERSITY PARK,PA,US,Pennsylvania State University,https://ror.org/04p491231,04p491231,grid.29857.31,psu.edu,https://openalex.org/i130769515,I130769515
us-ri-brown-university,BROWN UNIVERSITY,1003201,PROVIDENCE,RI,US,Brown University,https://ror.org/05gq02987,05gq02987,grid.40263.33,brown.edu,https://openalex.org/i27804330,I27804330
us-ri-rhode-island-hospital,RHODE ISLAND HOSPITAL,6959701,PROVIDENCE,RI,US,Rhode Island Hospital,https://ror.org/01aw9fv09,01aw9fv09,grid.240588.3,brown.edu,https://openalex.org/i2800446032,I2800446032
us-sc-medical-university-of-south-carolina,MEDICAL UNIVERSITY OF SOUTH CAROLINA,7575301,CHARLESTON,SC,US,Medical University of South Carolina,https://ror.org/012jban78,012jban78,grid.259828.c,musc.edu,https://openalex.org/i153297377,I153297377
us-sc-clemson-university,CLEMSON UNIVERSITY,1626401,CLEMSON,SC,US,Clemson University,https://ror.org/037s24f05,037s24f05,grid.26090.3d,clemson.edu,https://openalex.org/i8078737,I8078737
us-sc-university-of-south-carolina,UNIVERSITY OF SOUTH CAROLINA AT COLUMBIA,1524302,COLUMBIA,SC,US,University of South Carolina,https://ror.org/02b6qw903,02b6qw903,grid.254567.7,sc.edu|uscmed.sc.edu,https://openalex.org/i155781252,I155781252
us-tn-st-jude-children-s-research-hospital,ST. JUDE CHILDREN'S RESEARCH HOSPITAL,7893501,MEMPHIS,TN,US,St. Jude Children's Research Hospital,https://ror.org/02r3e0967,02r3e0967,grid.240871.8,stjude.org,https://openalex.org/i1313298211,I1313298211
us-tn-university-of-tennessee-health-science-center,UNIVERSITY OF TENNESSEE HEALTH SCI CTR,578302,MEMPHIS,TN,US,University of Tennessee Health Science Center,https://ror.org/0011qv509,0011qv509,grid.267301.1,uthsc.edu,https://openalex.org/i160606119,I160606119
us-tn-vanderbilt-university,VANDERBILT UNIVERSITY,8721001,Nashville,TN,US,Vanderbilt University,https://ror.org/02vm5rt34,02vm5rt34,grid.152326.1,vanderbilt.edu,https://openalex.org/i200719446,I200719446
us-tn-vanderbilt-university-medical-center,VANDERBILT UNIVERSITY MEDICAL CENTER,10040927,NASHVILLE,TN,US,Vanderbilt University Medical Center,https://ror.org/05dq2gs74,05dq2gs74,grid.412807.8,vanderbilt.edu|vumc.org,https://openalex.org/i901861585,I901861585
us-tx-university-of-texas-at-austin,UNIVERSITY OF TEXAS AT AUSTIN,578403,AUSTIN,TX,US,University of Texas at Austin,https://ror.org/00hj54h04,00hj54h04,grid.89336.37,austin.utexas.edu,https://openalex.org/i86519309,I86519309
us-tx-texas-a-m,TEXAS A&M AGRILIFE RESEARCH,8266920,College Station,TX,US,Texas a&M,https://ror.org/01f5ytq51,01f5ytq51,grid.264756.4,tamu.edu,https://openalex.org/i91045830,I91045830
us-tx-ut-southwestern-medical-center,UT SOUTHWESTERN MEDICAL CENTER,578404,DALLAS,TX,US,UT Southwestern Medical Center,https://ror.org/05byvp690,05byvp690,grid.267313.2,utsouthwestern.edu,https://openalex.org/i867280407,I867280407
us-tx-university-of-texas-medical-galveston,UNIVERSITY OF TEXAS MEDICAL BR GALVESTON,578406,GALVESTON,TX,US,University of Texas Medical Galveston,https://ror.org/016tfm930,016tfm930,grid.176731.5,utmb.edu,https://openalex.org/i55302922,I55302922
us-tx-baylor-college-of-medicine,BAYLOR COLLEGE OF MEDICINE,481201,HOUSTON,TX,US,Baylor College of Medicine,https://ror.org/02pttbw34,02pttbw34,grid.39382.33,bcm.edu|bmc.tmc.edu,https://openalex.org/i181547552,I181547552
us-tx-methodist-hospital-research-institute,METHODIST HOSPITAL RESEARCH INSTITUTE,10005742,HOUSTON,TX,US,Methodist Hospital Research Institute,https://ror.org/027zt9171,027zt9171,grid.63368.38,houstonmethodist.org,https://openalex.org/i1295876152,I1295876152
us-tx-rice-university,RICE UNIVERSITY,9291001,HOUSTON,TX,US,Rice University,https://ror.org/008zs3103,008zs3103,grid.21940.3e,rice.edu,https://openalex.org/i74775410,I74775410
us-tx-university-of-texas-health-science-center-houston,UNIVERSITY OF TEXAS HLTH SCI CTR HOUSTON,578417,HOUSTON,TX,US,University of Texas Health Science Center Houston,https://ror.org/03gds6c39,03gds6c39,grid.267308.8,uth.tmc.edu,https://openalex.org/i919571938,I919571938
us-tx-md-anderson-cancer-center,UNIVERSITY OF TX MD ANDERSON CANCER CTR,578407,HOUSTON,TX,US,Md Anderson Cancer Center,https://ror.org/04twxam07,04twxam07,grid.240145.6,mdanderson.org,https://openalex.org/i1343551460,I1343551460
us-tx-texas-biomedical-research-institute,TEXAS BIOMEDICAL RESEARCH INSTITUTE,7660801,SAN ANTONIO,TX,US,Texas Biomedical Research Institute,https://ror.org/00wbskb04,00wbskb04,grid.250889.e,txbiomed.org,https://openalex.org/i1289525096,I1289525096
us-tx-university-of-texas-health-science-center,UNIVERSITY OF TEXAS HLTH SCIENCE CENTER,578418,SAN ANTONIO,TX,US,University of Texas Health Science Center,https://ror.org/02f6dcw23,02f6dcw23,grid.267309.9,uthscsa.edu,https://openalex.org/i165951966,I165951966
us-tx-university-of-texas-san-antonio,UNIVERSITY OF TEXAS SAN ANTONIO,578416,SAN ANTONIO,TX,US,University of Texas San Antonio,https://ror.org/01kd65564,01kd65564,grid.215352.2,utsa.edu,https://openalex.org/i45438204,I45438204
us-ut-university-of-utah,UTAH STATE HIGHER EDUCATION SYSTEM--UNIVERSITY OF UTAH,514002,SALT LAKE CITY,UT,US,University of Utah,https://ror.org/03r0ha626,03r0ha626,grid.223827.e,utah.edu,https://openalex.org/i223532165,I223532165
us-va-virginia-polytechnic-institute,VIRGINIA POLYTECHNIC INSTITUTE AND ST UNIV,8968001,BLACKSBURG,VA,US,Virginia Polytechnic Institute,https://ror.org/02smfhw86,02smfhw86,grid.438526.e,vt.edu,https://openalex.org/i859038795,I859038795
us-va-university-of-virginia,UNIVERSITY OF VIRGINIA,1526402,CHARLOTTESVILLE,VA,US,University of Virginia,https://ror.org/0153tk833,0153tk833,grid.27755.32,virginia.edu,https://openalex.org/i51556381,I51556381
us-va-virginia-commonwealth-university,VIRGINIA COMMONWEALTH UNIVERSITY,353201,RICHMOND,VA,US,Virginia Commonwealth University,https://ror.org/02nkdxk79,02nkdxk79,grid.224260.0,vcu.edu|vcuhealth.org,https://openalex.org/i184840846,I184840846
us-vt-university-of-vermont,UNIVERSITY OF VERMONT & ST AGRIC COLLEGE,8738101,BURLINGTON,VT,US,University of Vermont,https://ror.org/0155zta11,0155zta11,grid.59062.38,uvm.edu,https://openalex.org/i111236770,I111236770
us-wa-washington-state-university,WASHINGTON STATE UNIVERSITY,9082001,PULLMAN,WA,US,Washington State University,https://ror.org/05dk0ce17,05dk0ce17,grid.30064.31,wsu.edu,https://openalex.org/i72951846,I72951846
us-wa-benaroya-research-institute,BENAROYA RESEARCH INSTITUTE AT VIRGINIA MASON,8961401,SEATTLE,WA,US,Benaroya Research Institute,https://ror.org/04j9rp686,04j9rp686,,benaroyaresearch.org,https://openalex.org/i4391012615,I4391012615
us-wa-fred-hutchinson-cancer-research-center,FRED HUTCHINSON CANCER RESEARCH CENTER,861001,SEATTLE,WA,US,Fred Hutchinson Cancer Research Center,https://ror.org/007ps6h72,007ps6h72,grid.270240.3,fhcrc.org|fredhutch.org,https://openalex.org/i4210089486,I4210089486
us-wa-seattle-children-s-hospital,SEATTLE CHILDREN'S HOSPITAL,1531401,SEATTLE,WA,US,Seattle Children's Hospital,https://ror.org/01njes783,01njes783,grid.240741.4,seattlechildrens.org,https://openalex.org/i1295499534,I1295499534
us-wa-university-of-washington,UNIVERSITY OF WASHINGTON,9087701,SEATTLE,WA,US,University of Washington,https://ror.org/00cvxb145,00cvxb145,grid.34477.33,washington.edu,https://openalex.org/i201448701,I201448701
us-wi-university-of-wisconsin-madison,UNIVERSITY OF WISCONSIN-MADISON,578503,MADISON,WI,US,University of Wisconsin-Madison,https://ror.org/01y2jtd41,01y2jtd41,grid.14003.36,wisc.edu,https://openalex.org/i135310074,I135310074
us-wi-medical-college-of-wisconsin,MEDICAL COLLEGE OF WISCONSIN,46001,MILWAUKEE,WI,US,Medical College of Wisconsin,https://ror.org/00qqv6244,00qqv6244,grid.30760.32,mcw.edu,https://openalex.org/i204308271,I204308271
us-wv-west-virginia-university,WEST VIRGINIA UNIVERSITY,9163701,MORGANTOWN,WV,US,West Virginia University,https://ror.org/011vxgd24,011vxgd24,grid.268154.c,wvu.edu,https://openalex.org/i12097938,I12097938
us-ny-northwell-health,NORTHWELL HEALTH,4155008,NEW HYDE PARK,NY,US,Northwell Health,https://ror.org/02bxt4m23,02bxt4m23,grid.416477.7,northwell.edu,https://openalex.org/i1302444339,I1302444339
us-ny-hospital-for-special-surgery,HOSPITAL FOR SPECIAL SURGERY,4081105,NEW YORK,NY,US,Hospital for Special Surgery,https://ror.org/03zjqec80,03zjqec80,grid.239915.5,hss.edu,https://openalex.org/i1281539108,I1281539108
us-co-university-of-colorado-anschutz-medical-campus,University of Colorado Denver | Anschutz Medical Campus,1199905,AURORA,CO,US,University of Colorado Anschutz Medical Campus,https://ror.org/03wmf1y16,03wmf1y16,grid.430503.1,cuanschutz.edu|ucdenver.edu,https://openalex.org/i51713134,I51713134
us-ma-ragon-institute-of-mgh-mit-and-harvard,,,CAMBRIDGE,MA,US,"Ragon Institute of MGH, MIT and Harvard",https://ror.org/053r20n13,053r20n13,grid.461656.6,,https://openalex.org/i2802422659,I2802422659
us-md-johns-hopkins-medicine,,,BALTIMORE,MD,US,Johns Hopkins Medicine,https://ror.org/037zgn354,037zgn354,grid.469474.c,,https://openalex.org/i2799853436,I2799853436
us-va-eastern-virginia-medical-school,,,NORFOLK,VA,US,Eastern Virginia Medical School,https://ror.org/056hr4255,056hr4255,grid.255414.3,,https://openalex.org/i156802259,I156802259
us-ma-harvard-th-chan-school-of-public-health,,,BOSTON,MA,US,Harvard T. H. Chan School of Public Health,,,,,,
us-ny-rensselaer-polytechnic-institute,,,TROY,NY,US,Rensselaer Polytechnic Institute,https://ror.org/01rtyzb94,01rtyzb94,grid.33647.35,rpi.edu,https://openalex.org/i165799507,I165799507
