org_name,org_city,org_state
UNIVERSITY OF ALABAMA AT BIRMINGHAM,BIRMINGHAM,AL
ARKANSAS CHILDREN'S HOSPITAL,LITTLE ROCK,AR
UNIVERSITY OF ARKANSAS FOR MEDICAL SCIENCES,LITTLE ROCK,AR
ARIZONA STATE UNIVERSITY-TEMPE,SCOTTSDALE,AZ
MAYO CLINIC ARIZONA,SCOTTSDALE,AZ
UNIVERSITY OF ARIZONA,TUCSON,AZ
UNIVERSITY OF CALIFORNIA BERKELEY,BERKELEY,CA
UNIVERSITY OF CALIFORNIA DAVIS,DAVIS,CA
BECKMAN RESEARCH INSTITUTE/CITY OF HOPE,DUARTE,CA
UNIVERSITY OF CALIFORNIA IRVINE,IRVINE,CA
LA JOLLA INSTITUTE FOR IMMUNOLOGY,LA JOLLA,CA
SALK INSTITUTE FOR BIOLOGICAL STUDIES,La Jolla,CA
SANFORD BURNHAM PREBYS MEDICAL DISCOVERY INSTITUTE,LA JOLLA,CA
SCRIPPS RESEARCH INSTITUTE,LA JOLLA,CA
UNIVERSITY OF CALIFORNIA SAN DIEGO,LA JOLLA,CA
CEDARS-SINAI MEDICAL CENTER,LOS ANGELES,CA
UNIVERSITY OF CALIFORNIA LOS ANGELES,LOS ANGELES,CA
UNIVERSITY OF SOUTHERN CALIFORNIA,Los Angeles,CA
SRI INTERNATIONAL,MENLO PARK,CA
UNIVERSITY OF CALIFORNIA MERCED,MERCED,CA
KAISER FOUNDATION RESEARCH INSTITUTE,Oakland,CA
CALIFORNIA INSTITUTE OF TECHNOLOGY,PASADENA,CA
UNIVERSITY OF CALIFORNIA RIVERSIDE,RIVERSIDE,CA
J. DAVID GLADSTONE INSTITUTES,SAN FRANCISCO,CA
UNIVERSITY OF CALIFORNIA SAN FRANCISCO,SAN FRANCISCO,CA
UNIVERSITY OF CALIFORNIA SANTA CRUZ,SANTA CRUZ,CA
STANFORD UNIVERSITY,STANFORD,CA
LUNDQUIST INSTITUTE FOR BIOMEDICAL INNOVATION AT HARBOR-UCLA MEDICAL CENTER,TORRANCE,CA
UNIVERSITY OF COLORADO DENVER,Aurora,CO
UNIVERSITY OF COLORADO,Boulder,CO
NATIONAL JEWISH HEALTH,DENVER,CO
COLORADO STATE UNIVERSITY,FORT COLLINS,CO
UNIVERSITY OF CONNECTICUT SCHOOL OF MEDICINE,FARMINGTON,CT
YALE UNIVERSITY,NEW HAVEN,CT
GEORGE WASHINGTON UNIVERSITY,WASHINGTON,DC
GEORGETOWN UNIVERSITY,WASHINGTON,DC
UNIVERSITY OF MIAMI SCHOOL OF MEDICINE,CORAL GABLES,FL
UNIVERSITY OF FLORIDA,GAINESVILLE,FL
SCRIPPS FLORIDA,JUPITER,FL
FLORIDA INTERNATIONAL UNIVERSITY,MIAMI,FL
UNIVERSITY OF CENTRAL FLORIDA,ORLANDO,FL
FLORIDA STATE UNIVERSITY,TALLAHASSEE,FL
UNIVERSITY OF SOUTH FLORIDA,TAMPA,FL
UNIVERSITY OF GEORGIA,ATHENS,GA
EMORY UNIVERSITY,ATLANTA,GA
GEORGIA INSTITUTE OF TECHNOLOGY,ATLANTA,GA
GEORGIA STATE UNIVERSITY,ATLANTA,GA
IOWA STATE UNIVERSITY,AMES,IA
UNIVERSITY OF IOWA,IOWA CITY,IA
UNIVERSITY OF ILLINOIS AT URBANA-CHAMPAIGN,CHAMPAIGN,IL
LURIE CHILDREN'S HOSPITAL OF CHICAGO,CHICAGO,IL
NORTHWESTERN UNIVERSITY,CHICAGO,IL
RUSH UNIVERSITY MEDICAL CENTER,CHICAGO,IL
UNIVERSITY OF CHICAGO,CHICAGO,IL
UNIVERSITY OF ILLINOIS AT CHICAGO,Chicago,IL
LOYOLA UNIVERSITY CHICAGO,MAYWOOD,IL
INDIANA UNIVERSITY BLOOMINGTON,BLOOMINGTON,IN
INDIANA UNIVERSITY INDIANAPOLIS,INDIANAPOLIS,IN
UNIVERSITY OF NOTRE DAME,NOTRE DAME,IN
PURDUE UNIVERSITY,WEST LAFAYETTE,IN
UNIVERSITY OF KANSAS MEDICAL CENTER,KANSAS CITY,KS
UNIVERSITY OF KANSAS LAWRENCE,LAWRENCE,KS
KANSAS STATE UNIVERSITY,MANHATTAN,KS
UNIVERSITY OF KENTUCKY,LEXINGTON,KY
UNIVERSITY OF LOUISVILLE,LOUISVILLE,KY
LOUISIANA STATE UNIVERSITY A&M COLLEGE BATON ROUGE,BATON ROUGE,LA
TULANE UNIVERSITY,NEW ORLEANS,LA
BETH ISRAEL DEACONESS MEDICAL CENTER,BOSTON,MA
BOSTON CHILDREN'S HOSPITAL,BOSTON,MA
BOSTON MEDICAL CENTER,BOSTON,MA
BOSTON UNIVERSITY MEDICAL CAMPUS,BOSTON,MA
BRIGHAM AND WOMEN'S HOSPITAL,BOSTON,MA
DANA-FARBER CANCER INSTITUTE,BOSTON,MA
HARVARD MEDICAL SCHOOL,BOSTON,MA
HARVARD SCHOOL OF PUBLIC HEALTH,BOSTON,MA
MASSACHUSETTS GENERAL HOSPITAL,BOSTON,MA
NORTHEASTERN UNIVERSITY,BOSTON,MA
TUFTS UNIVERSITY BOSTON,BOSTON,MA
BROAD INSTITUTE,CAMBRIDGE,MA
MASSACHUSETTS INSTITUTE OF TECHNOLOGY,CAMBRIDGE,MA
BOSTON COLLEGE,CHESTNUT HILL,MA
"KEPHERA DIAGNOSTICS, LLC",Framingham,MA
UNIVERSITY OF MASSACHUSETTS AMHERST,HADLEY,MA
"MICROBIOTIX, INC",WORCESTER,MA
UNIVERSITY OF MASSACHUSETTS MEDICAL SCHOOL WORCESTER,WORCESTER,MA
JOHNS HOPKINS UNIVERSITY,BALTIMORE,MD
UNIVERSITY OF MARYLAND BALTIMORE,BALTIMORE,MD
HENRY M. JACKSON FOUNDATION,BETHESDA,MD
UNIVERSITY OF MARYLAND COLLEGE PARK,COLLEGE PARK,MD
"SANARIA, INC.",ROCKVILLE,MD
JACKSON LABORATORY,BAR HARBOR,ME
UNIVERSITY OF MICHIGAN AT ANN ARBOR,ANN ARBOR,MI
WAYNE STATE UNIVERSITY,DETROIT,MI
MICHIGAN STATE UNIVERSITY,EAST LANSING,MI
UNIVERSITY OF MINNESOTA,MINNEAPOLIS,MN
MAYO CLINIC ROCHESTER,ROCHESTER,MN
UNIVERSITY OF MISSOURI-COLUMBIA,COLUMBIA,MO
SAINT LOUIS UNIVERSITY,SAINT LOUIS,MO
WASHINGTON UNIVERSITY,SAINT LOUIS,MO
MONTANA STATE UNIVERSITY - BOZEMAN,BOZEMAN,MT
UNIVERSITY OF MONTANA,MISSOULA,MT
UNIVERSITY OF NORTH CAROLINA CHAPEL HILL,CHAPEL HILL,NC
DUKE UNIVERSITY,DURHAM,NC
EAST CAROLINA UNIVERSITY,GREENVILLE,NC
NORTH CAROLINA STATE UNIVERSITY RALEIGH,RALEIGH,NC
RESEARCH TRIANGLE INSTITUTE,RESEARCH TRIANGLE PARK,NC
WAKE FOREST UNIVERSITY HEALTH SCIENCES,WINSTON-SALEM,NC
UNIVERSITY OF NORTH DAKOTA,GRAND FORKS,ND
CREIGHTON UNIVERSITY,OMAHA,NE
UNIVERSITY OF NEBRASKA MEDICAL CENTER,OMAHA,NE
DARTMOUTH COLLEGE,HANOVER,NH
HACKENSACK UNIVERSITY MEDICAL CENTER,HACKENSACK,NJ
RBHS-NEW JERSEY MEDICAL SCHOOL,NEWARK,NJ
RUTGERS BIOMEDICAL AND HEALTH SCIENCES,Newark,NJ
RUTGERS,PISCATAWAY,NJ
PRINCETON UNIVERSITY,Princeton,NJ
UNIVERSITY OF NEW MEXICO HEALTH SCIENCES CENTER,ALBUQUERQUE,NM
UNIVERSITY OF NEVADA RENO,RENO,NV
ALBANY MEDICAL COLLEGE,ALBANY,NY
STATE UNIVERSITY OF NEW YORK AT BUFFALO,AMHERST,NY
ALBERT EINSTEIN COLLEGE OF MEDICINE,BRONX,NY
COLD SPRING HARBOR LABORATORY,COLD SPRING HARBOR,NY
CORNELL UNIVERSITY,ITHACA,NY
FEINSTEIN INSTITUTE FOR MEDICAL RESEARCH,MANHASSET,NY
WADSWORTH CENTER,MENANDS,NY
COLUMBIA UNIVERSITY,NEW YORK,NY
ICAHN SCHOOL OF MEDICINE AT MOUNT SINAI,NEW YORK,NY
NEW YORK BLOOD CENTER,NEW YORK,NY
NEW YORK UNIVERSITY SCHOOL OF MEDICINE,NEW YORK,NY
ROCKEFELLER UNIVERSITY,NEW YORK,NY
SLOAN-KETTERING INSTITUTE FOR CANCER RESEARCH,NEW YORK,NY
WEILL MEDICAL COLLEGE,NEW YORK,NY
UNIVERSITY OF ROCHESTER,ROCHESTER,NY
STATE UNIVERSITY NEW YORK STONY BROOK,STONY BROOK,NY
UPSTATE MEDICAL UNIVERSITY,SYRACUSE,NY
CINCINNATI CHILDRENS HOSPITAL MEDICAL CENTER,CINCINNATI,OH
UNIVERSITY OF CINCINNATI,CINCINNATI,OH
CASE WESTERN RESERVE UNIVERSITY,CLEVELAND,OH
CLEVELAND CLINIC,CLEVELAND,OH
OHIO STATE UNIVERSITY,Columbus,OH
NATIONWIDE CHILDREN'S HOSPITAL,COLUMBUS,OH
UNIVERSITY OF TOLEDO HEALTH SCIENCE CAMPUS,TOLEDO,OH
UNIVERSITY OF OKLAHOMA,NORMAN,OK
OKLAHOMA MEDICAL RESEARCH FOUNDATION,OKLAHOMA CITY,OK
UNIVERSITY OF OKLAHOMA HEALTH SCIENCES CENTER,OKLAHOMA CITY,OK
OKLAHOMA STATE UNIVERSITY STILLWATER,STILLWATER,OK
OREGON HEALTH & SCIENCE UNIVERSITY,PORTLAND,OR
PENNSYLVANIA STATE UNIVERSITY HERSHEY MEDICAL CENTER,HERSHEY,PA
"VENATORX PHARMACEUTICALS, INC.",MALVERN,PA
CHILDREN'S HOSPITAL OF PHILADELPHIA,PHILADELPHIA,PA
DREXEL UNIVERSITY,PHILADELPHIA,PA
FOX CHASE CANCER CENTER,PHILADELPHIA,PA
TEMPLE UNIVERSITY,PHILADELPHIA,PA
THOMAS JEFFERSON UNIVERSITY,PHILADELPHIA,PA
UNIVERSITY OF PENNSYLVANIA,PHILADELPHIA,PA
WISTAR INSTITUTE,PHILADELPHIA,PA
UNIVERSITY OF PITTSBURGH AT PITTSBURGH,PITTSBURGH,PA
PENNSYLVANIA STATE UNIVERSITY,UNIVERSITY PARK,PA
BROWN UNIVERSITY,PROVIDENCE,RI
RHODE ISLAND HOSPITAL,PROVIDENCE,RI
MEDICAL UNIVERSITY OF SOUTH CAROLINA,CHARLESTON,SC
CLEMSON UNIVERSITY,CLEMSON,SC
UNIVERSITY OF SOUTH CAROLINA AT COLUMBIA,COLUMBIA,SC
ST. JUDE CHILDREN'S RESEARCH HOSPITAL,MEMPHIS,TN
UNIVERSITY OF TENNESSEE HEALTH SCIENCE CENTER,MEMPHIS,TN
VANDERBILT UNIVERSITY,Nashville,TN
UNIVERSITY OF TEXAS AT AUSTIN,AUSTIN,TX
TEXAS A&M AGRILIFE RESEARCH,College Station,TX
TEXAS A&M UNIVERSITY,COLLEGE STATION,TX
TEXAS A&M UNIVERSITY HEALTH SCIENCE CENTER,COLLEGE STATION,TX
UT SOUTHWESTERN MEDICAL CENTER,DALLAS,TX
UNIVERSITY OF TEXAS GALVESTON,GALVESTON,TX
BAYLOR COLLEGE OF MEDICINE,HOUSTON,TX
METHODIST HOSPITAL RESEARCH INSTITUTE,HOUSTON,TX
RICE UNIVERSITY,HOUSTON,TX
UNIVERSITY OF TEXAS HEALTH SCIENCE CENTER HOUSTON,HOUSTON,TX
UNIVERSITY OF TX MD ANDERSON CANCER CENTER,HOUSTON,TX
TEXAS BIOMEDICAL RESEARCH INSTITUTE,SAN ANTONIO,TX
UNIVERSITY OF TEXAS HEALTH SCIENCE CENTER,SAN ANTONIO,TX
UNIVERSITY OF TEXAS SAN ANTONIO,SAN ANTONIO,TX
UNIVERSITY OF UTAH,SALT LAKE CITY,UT
VIRGINIA POLYTECHNIC INSTITUTE,BLACKSBURG,VA
UNIVERSITY OF VIRGINIA,CHARLOTTESVILLE,VA
VIRGINIA COMMONWEALTH UNIVERSITY,RICHMOND,VA
UNIVERSITY OF VERMONT,BURLINGTON,VT
WASHINGTON STATE UNIVERSITY,PULLMAN,WA
BENAROYA RESEARCH INSTITUTE,SEATTLE,WA
FRED HUTCHINSON CANCER RESEARCH CENTER,SEATTLE,WA
SEATTLE CHILDREN'S HOSPITAL,SEATTLE,WA
UNIVERSITY OF WASHINGTON,SEATTLE,WA
UNIVERSITY OF WISCONSIN-MADISON,MADISON,WI
MEDICAL COLLEGE OF WISCONSIN,MILWAUKEE,WI
WEST VIRGINIA UNIVERSITY,MORGANTOWN,WV