org_name,org_city,org_state,org_ipf_code,awards,unique_projects,funding,min_fy,max_fy
NATIONAL INSTITUTE OF ALLERGY AND INFECTIOUS DISEASES,,,,2584,635,5450232181,2020,2025
JOHNS HOPKINS UNIVERSITY,BALTIMORE,MD,4134401,1259,351,1000227862,2020,2025
WASHINGTON UNIVERSITY,SAINT LOUIS,MO,9083901,1008,335,693799526,2020,2025
UNIVERSITY OF WASHINGTON,SEATTLE,WA,9087701,1149,330,697970273,2020,2025
"UNIVERSITY OF CALIFORNIA, SAN FRANCISCO",SAN FRANCISCO,CA,577508,1371,316,974763523,2020,2025
EMORY UNIVERSITY,ATLANTA,GA,2384501,1257,304,1061361397,2020,2025
UNIVERSITY OF PITTSBURGH AT PITTSBURGH,PITTSBURGH,PA,2059802,935,292,488215669,2020,2025
DUKE UNIVERSITY,DURHAM,NC,2221101,1172,290,1318490876,2020,2025
UNIVERSITY OF PENNSYLVANIA,PHILADELPHIA,PA,6463801,942,276,577188626,2020,2025
UNIV OF NORTH CAROLINA CHAPEL HILL,CHAPEL HILL,NC,578206,854,258,575579571,2020,2025
YALE UNIVERSITY,NEW HAVEN,CT,9420201,781,249,375562711,2020,2025
MASSACHUSETTS GENERAL HOSPITAL,BOSTON,MA,4907701,757,238,409106936,2020,2025
UNIVERSITY OF COLORADO DENVER,Aurora,CO,1199905,525,200,198530689,2020,2025
"UNIVERSITY OF CALIFORNIA, SAN DIEGO",LA JOLLA,CA,577507,656,194,379304319,2020,2025
STANFORD UNIVERSITY,STANFORD,CA,8046501,739,186,547398835,2020,2025
UNIVERSITY OF MINNESOTA,MINNEAPOLIS,MN,1450402,551,183,401684140,2020,2025
COLUMBIA UNIVERSITY HEALTH SCIENCES,NEW YORK,NY,1833205,684,181,403003704,2020,2025
UNIVERSITY OF MICHIGAN AT ANN ARBOR,ANN ARBOR,MI,1506502,530,180,257447372,2020,2025
UNIVERSITY OF MARYLAND BALTIMORE,BALTIMORE,MD,820104,729,177,431171205,2020,2025
UNIVERSITY OF WISCONSIN-MADISON,MADISON,WI,578503,555,170,344272472,2020,2025
UNIVERSITY OF ALABAMA AT BIRMINGHAM,BIRMINGHAM,AL,1288803,625,160,426331111,2020,2025
ICAHN SCHOOL OF MEDICINE AT MOUNT SINAI,NEW YORK,NY,3839801,607,159,519005442,2020,2025
UNIVERSITY OF CALIFORNIA LOS ANGELES,LOS ANGELES,CA,577505,680,155,1116433015,2020,2025
BRIGHAM AND WOMEN'S HOSPITAL,BOSTON,MA,1080401,637,155,392371784,2020,2025
NORTHWESTERN UNIVERSITY AT CHICAGO,CHICAGO,IL,6144650,648,153,348259557,2020,2025
BOSTON CHILDREN'S HOSPITAL,BOSTON,MA,1504801,571,150,386139805,2020,2025
WEILL MEDICAL COLL OF CORNELL UNIV,NEW YORK,NY,1514803,676,149,444475045,2020,2025
UNIV OF MASSACHUSETTS MED SCH WORCESTER,WORCESTER,MA,850903,424,145,222784519,2020,2025
UNIVERSITY OF VIRGINIA,CHARLOTTESVILLE,VA,1526402,371,144,155973012,2020,2025
VANDERBILT UNIVERSITY MEDICAL CENTER,NASHVILLE,TN,10040927,569,143,450626406,2020,2025
OHIO STATE UNIVERSITY,Columbus,OH,6218701,341,136,137851956,2020,2025
UNIVERSITY OF GEORGIA,ATHENS,GA,676602,340,135,204370398,2020,2025
UNIVERSITY OF TEXAS MED BR GALVESTON,GALVESTON,TX,578406,490,132,627564257,2020,2025
UNIVERSITY OF CHICAGO,CHICAGO,IL,1413601,406,131,256582352,2020,2025
UNIVERSITY OF IOWA,IOWA CITY,IA,3972901,349,129,135647068,2020,2025
UNIVERSITY OF FLORIDA,GAINESVILLE,FL,513806,399,127,186549404,2020,2025
UNIVERSITY OF CALIFORNIA AT DAVIS,DAVIS,CA,577503,315,123,133152261,2020,2025
"SCRIPPS RESEARCH INSTITUTE, THE",LA JOLLA,CA,7375802,478,120,591280670,2020,2025
NEW YORK UNIVERSITY SCHOOL OF MEDICINE,NEW YORK,NY,5998304,328,117,184260418,2020,2025
TUFTS UNIVERSITY BOSTON,BOSTON,MA,8422704,304,115,160711631,2020,2025
HARVARD MEDICAL SCHOOL,BOSTON,MA,3212902,383,114,201320051,2020,2025
UT SOUTHWESTERN MEDICAL CENTER,DALLAS,TX,578404,384,108,228946403,2020,2025
OREGON HEALTH & SCIENCE UNIVERSITY,PORTLAND,OR,6297007,389,104,247898554,2020,2025
UNIVERSITY OF CALIFORNIA-IRVINE,IRVINE,CA,577504,344,100,227132457,2020,2025
ALBERT EINSTEIN COLLEGE OF MEDICINE,BRONX,NY,10053556,372,99,283489682,2020,2025
FRED HUTCHINSON CANCER CENTER,SEATTLE,WA,10068583,289,98,776417602,2020,2025
CORNELL UNIVERSITY,ITHACA,NY,1514802,274,94,111441867,2020,2025
INDIANA UNIVERSITY INDIANAPOLIS,INDIANAPOLIS,IN,577806,231,93,109005718,2020,2025
UTAH STATE HIGHER EDUCATION SYSTEM--UNIVERSITY OF UTAH,SALT LAKE CITY,UT,514002,296,89,164201311,2020,2025
SEATTLE CHILDREN'S HOSPITAL,SEATTLE,WA,1531401,408,88,397505118,2020,2025
BAYLOR COLLEGE OF MEDICINE,HOUSTON,TX,481201,401,85,226227788,2020,2025
RUTGERS BIOMEDICAL AND HEALTH SCIENCES,Newark,NJ,10034168,206,84,152076315,2021,2025
CINCINNATI CHILDRENS HOSP MED CTR,CINCINNATI,OH,615001,290,82,174358296,2020,2025
COLORADO STATE UNIVERSITY,FORT COLLINS,CO,1725201,238,82,124221708,2020,2025
UNIVERSITY OF ROCHESTER,ROCHESTER,NY,7047101,254,74,130106090,2020,2025
UNIVERSITY OF CALIFORNIA BERKELEY,BERKELEY,CA,577502,327,72,163070054,2020,2025
TULANE UNIVERSITY OF LOUISIANA,NEW ORLEANS,LA,8424601,198,72,142210669,2020,2025
UNIVERSITY OF ARIZONA,TUCSON,AZ,490201,246,70,113716443,2020,2025
UNIVERSITY OF ILLINOIS AT CHICAGO,Chicago,IL,577703,162,70,69429628,2020,2025
FRED HUTCHINSON CANCER RESEARCH CENTER,SEATTLE,WA,861001,169,69,947534467,2020,2022
VIRGINIA POLYTECHNIC INST AND ST UNIV,BLACKSBURG,VA,8968001,136,69,44661310,2020,2025
CHILDREN'S HOSP OF PHILADELPHIA,PHILADELPHIA,PA,1499101,153,68,72430356,2020,2025
CASE WESTERN RESERVE UNIVERSITY,CLEVELAND,OH,218601,247,67,129032328,2020,2025
ST. JUDE CHILDREN'S RESEARCH HOSPITAL,MEMPHIS,TN,7893501,235,66,251825456,2020,2025
ROCKEFELLER UNIVERSITY,NEW YORK,NY,7056601,259,66,174917363,2020,2025
RBHS-NEW JERSEY MEDICAL SCHOOL,NEWARK,NJ,10034169,150,66,90941504,2020,2022
MAYO CLINIC ROCHESTER,ROCHESTER,MN,4976101,145,66,58548529,2020,2025
"UNIV OF MARYLAND, COLLEGE PARK",COLLEGE PARK,MD,820102,208,65,114309920,2020,2025
KEYSTONE SYMPOSIA,SILVERTHORNE,CO,3736601,64,64,662400,2020,2025
GORDON RESEARCH CONFERENCES,East Greenwich,RI,2988701,63,63,559800,2020,2025
UNIVERSITY OF KENTUCKY,LEXINGTON,KY,2793601,143,62,48521175,2020,2025
HARVARD UNIVERSITY D/B/A HARVARD SCHOOL OF PUBLIC HEALTH,BOSTON,MA,3212904,194,61,312848872,2020,2025
UNIVERSITY OF TEXAS HLTH SCIENCE CENTER,SAN ANTONIO,TX,578418,169,60,68770123,2020,2025
BOSTON UNIVERSITY MEDICAL CAMPUS,BOSTON,MA,894901,186,59,201136254,2020,2025
UNIVERSITY OF TEXAS HLTH SCI CTR HOUSTON,HOUSTON,TX,578417,183,58,85506193,2020,2025
STATE UNIVERSITY OF NEW YORK AT BUFFALO,AMHERST,NY,5992614,148,58,59090802,2020,2025
DARTMOUTH COLLEGE,HANOVER,NH,2021601,139,56,61388710,2020,2025
THOMAS JEFFERSON UNIVERSITY,PHILADELPHIA,PA,4050801,144,55,73457974,2020,2025
MEDICAL COLLEGE OF WISCONSIN,MILWAUKEE,WI,46001,122,55,48083453,2020,2025
LA JOLLA INSTITUTE FOR IMMUNOLOGY,LA JOLLA,CA,2465301,336,54,284591732,2020,2025
UNIVERSITY OF NEBRASKA MEDICAL CENTER,OMAHA,NE,578104,145,52,71171255,2020,2025
UNIVERSITY OF ILLINOIS AT URBANA-CHAMPAIGN,CHAMPAIGN,IL,577704,129,52,59242560,2020,2025
STATE UNIVERSITY NEW YORK STONY BROOK,STONY BROOK,NY,5992612,124,52,55290278,2020,2025
MICHIGAN STATE UNIVERSITY,EAST LANSING,MI,5245901,141,51,62221370,2020,2025
VANDERBILT UNIVERSITY,Nashville,TN,8721001,114,51,30744257,2020,2025
UNIVERSITY OF SOUTH FLORIDA,TAMPA,FL,513807,153,49,69787139,2020,2025
BETH ISRAEL DEACONESS MEDICAL CENTER,BOSTON,MA,758101,167,48,144756544,2020,2025
BENAROYA RESEARCH INST AT VIRGINIA MASON,SEATTLE,WA,8961401,182,47,314338928,2020,2025
SLOAN-KETTERING INST CAN RESEARCH,NEW YORK,NY,5079202,156,46,245626495,2020,2025
UNIVERSITY OF MISSOURI-COLUMBIA,COLUMBIA,MO,578002,114,46,61537483,2020,2025
"PENNSYLVANIA STATE UNIVERSITY, THE",UNIVERSITY PARK,PA,1524202,102,46,45821199,2020,2025
GEORGE WASHINGTON UNIVERSITY,WASHINGTON,DC,2863301,160,45,124042375,2020,2025
UNIVERSITY OF SOUTHERN CALIFORNIA,Los Angeles,CA,7636101,111,45,57233615,2020,2025
CEDARS-SINAI MEDICAL CENTER,LOS ANGELES,CA,1225501,118,44,74419671,2020,2025
METHODIST HOSPITAL RESEARCH INSTITUTE,HOUSTON,TX,10005742,117,43,67135507,2020,2025
RESEARCH INST NATIONWIDE CHILDREN'S HOSP,COLUMBUS,OH,1495302,115,43,51233670,2020,2025
TEXAS BIOMEDICAL RESEARCH INSTITUTE,SAN ANTONIO,TX,7660801,122,41,66998645,2020,2025
UNIVERSITY OF NOTRE DAME,NOTRE DAME,IN,6169301,124,41,60238529,2020,2025
CLEVELAND CLINIC LERNER COM-CWRU,CLEVELAND,OH,10000858,121,39,59105757,2020,2025
UNIVERSITY OF MIAMI SCHOOL OF MEDICINE,CORAL GABLES,FL,5221250,131,39,56068700,2020,2025
BROWN UNIVERSITY,PROVIDENCE,RI,1003201,93,39,38171786,2020,2025
WASHINGTON STATE UNIVERSITY,PULLMAN,WA,9082001,81,39,30109214,2020,2025
TEXAS A&M UNIVERSITY HEALTH SCIENCE CTR,COLLEGE STATION,TX,8266910,77,39,26917292,2020,2025
UNIVERSITY OF TENNESSEE HEALTH SCI CTR,MEMPHIS,TN,578302,120,38,95606011,2020,2025
MASSACHUSETTS INSTITUTE OF TECHNOLOGY,CAMBRIDGE,MA,4911501,123,38,64922303,2020,2025
PURDUE UNIVERSITY,WEST LAFAYETTE,IN,1481402,98,38,46685103,2020,2025
UNIVERSITY OF VERMONT & ST AGRIC COLLEGE,BURLINGTON,VT,8738101,90,38,37537988,2020,2025
UNIV OF ARKANSAS FOR MED SCIS,LITTLE ROCK,AR,1471106,83,38,27776746,2020,2025
UNIVERSITY OF KANSAS MEDICAL CENTER,KANSAS CITY,KS,1484303,78,37,24212594,2020,2025
GEORGIA STATE UNIVERSITY,ATLANTA,GA,676604,113,35,65711417,2020,2025
UNIVERSITY OF CONNECTICUT SCH OF MED/DNT,FARMINGTON,CT,1506603,108,35,50489602,2020,2025
PENNSYLVANIA STATE UNIV HERSHEY MED CTR,HERSHEY,PA,1524204,83,34,34307908,2020,2025
HENRY M. JACKSON FDN FOR THE ADV MIL/MED,BETHESDA,MD,1809301,156,33,111549706,2020,2025
UNIVERSITY OF CINCINNATI,CINCINNATI,OH,1523902,77,33,26088105,2020,2025
UNIVERSITY OF TEXAS AT AUSTIN,AUSTIN,TX,578403,85,32,37040218,2020,2025
UNIVERSITY OF LOUISVILLE,LOUISVILLE,KY,4679701,91,31,50518666,2020,2025
UNIVERSITY OF TX MD ANDERSON CAN CTR,HOUSTON,TX,578407,95,31,45171077,2020,2025
DREXEL UNIVERSITY,PHILADELPHIA,PA,2205901,116,31,44774560,2020,2025
UNIVERSITY OF CALIFORNIA RIVERSIDE,RIVERSIDE,CA,577506,81,31,31702965,2020,2025
VIRGINIA COMMONWEALTH UNIVERSITY,RICHMOND,VA,353201,78,31,31383011,2020,2025
GEORGIA INSTITUTE OF TECHNOLOGY,ATLANTA,GA,676603,65,31,23533878,2020,2025
WAKE FOREST UNIVERSITY HEALTH SCIENCES,WINSTON-SALEM,NC,9021205,64,30,38882432,2020,2025
LOYOLA UNIVERSITY CHICAGO,MAYWOOD,IL,4689203,80,30,32727891,2020,2025
IOWA STATE UNIVERSITY,AMES,IA,3974801,65,30,26356536,2020,2025
UNIVERSITY OF SOUTH CAROLINA AT COLUMBIA,COLUMBIA,SC,1524302,88,29,33747083,2020,2025
GEORGETOWN UNIVERSITY,WASHINGTON,DC,2869001,64,29,25297556,2020,2025
HACKENSACK UNIVERSITY MEDICAL CENTER,HACKENSACK,NJ,3117901,140,28,258763933,2020,2025
DANA-FARBER CANCER INST,BOSTON,MA,1464901,129,28,85966413,2020,2025
PRINCETON UNIVERSITY,Princeton,NJ,6661401,61,28,26297015,2020,2025
UNIVERSITY OF CENTRAL FLORIDA,ORLANDO,FL,513805,68,28,23191353,2020,2025
TRUSTEES OF INDIANA UNIVERSITY,BLOOMINGTON,IN,577805,57,28,17917263,2020,2025
NATIONAL JEWISH HEALTH,DENVER,CO,5720901,90,27,72479617,2020,2025
TEMPLE UNIV OF THE COMMONWEALTH,PHILADELPHIA,PA,8240301,71,27,50055757,2020,2025
TEXAS A&M AGRILIFE RESEARCH,College Station,TX,8266920,81,27,32893516,2020,2025
RHODE ISLAND HOSPITAL,PROVIDENCE,RI,6959701,47,25,13219631,2020,2025
SCRIPPS FLORIDA,JUPITER,FL,10005569,56,24,34967915,2020,2022
UNIVERSITY OF CALIFORNIA SANTA CRUZ,SANTA CRUZ,CA,577510,71,24,27710298,2020,2025
UNIVERSITY OF NEW MEXICO HEALTH SCIS CTR,ALBUQUERQUE,NM,10021612,66,23,24957558,2020,2025
WISTAR INSTITUTE,PHILADELPHIA,PA,9340401,75,22,92013766,2020,2025
WADSWORTH CENTER,MENANDS,NY,5966012,45,22,15808335,2020,2025
OKLAHOMA MEDICAL RESEARCH FOUNDATION,OKLAHOMA CITY,OK,6239601,79,21,52910464,2020,2025
SAINT LOUIS UNIVERSITY,SAINT LOUIS,MO,7915401,67,21,52324781,2020,2025
"SANARIA, INC.",ROCKVILLE,MD,10000312,54,21,44400075,2020,2025
UNIVERSITY OF OKLAHOMA HLTH SCIENCES CTR,OKLAHOMA CITY,OK,1524003,70,21,27164087,2020,2025
ARIZONA STATE UNIVERSITY-TEMPE CAMPUS,SCOTTSDALE,AZ,488301,51,21,22901498,2020,2025
ALBANY MEDICAL COLLEGE,ALBANY,NY,8455007,42,21,13994484,2020,2025
OKLAHOMA STATE UNIVERSITY STILLWATER,STILLWATER,OK,1450502,45,21,12369875,2020,2025
BOSTON COLLEGE,CHESTNUT HILL,MA,872101,44,20,23166313,2020,2025
UNIVERSITY OF COLORADO,Boulder,CO,1199902,50,20,20737733,2020,2025
KANSAS STATE UNIVERSITY,MANHATTAN,KS,4202801,43,20,18852497,2020,2025
UNIVERSITY OF OKLAHOMA,NORMAN,OK,1524002,41,20,15089124,2020,2025
"BROAD INSTITUTE, INC.",CAMBRIDGE,MA,10021177,122,19,146885813,2020,2025
MEDICAL UNIVERSITY OF SOUTH CAROLINA,CHARLESTON,SC,7575301,36,19,13609856,2020,2025
UNIVERSITY OF MONTANA,MISSOULA,MT,1381006,46,18,49677666,2020,2025
LUNDQUIST INSTITUTE FOR BIOMEDICAL INNOVATION AT HARBOR-UCLA MEDICAL CENTER,TORRANCE,CA,2543101,76,18,43117640,2020,2025
LOUISIANA STATE UNIV A&M COL BATON ROUGE,BATON ROUGE,LA,577907,43,18,17221496,2020,2025
"L2 DIAGNOSTICS, LLC",NEW HAVEN,CT,3970901,29,18,12156519,2020,2025
MONTANA STATE UNIVERSITY - BOZEMAN,BOZEMAN,MT,1381004,35,18,11993337,2020,2025
FEDERATION OF AMER SOC FOR EXPER BIOLOGY,Rockville,MD,2604901,18,18,253925,2021,2024
"MICROBIOTIX, INC",WORCESTER,MA,4102301,35,17,29021819,2020,2025
SALK INSTITUTE FOR BIOLOGICAL STUDIES,La Jolla,CA,7210001,45,17,26042412,2020,2025
BOSTON MEDICAL CENTER,BOSTON,MA,3617301,48,17,19667238,2020,2025
UNIVERSITY OF TEXAS SAN ANTONIO,SAN ANTONIO,TX,578416,56,17,19418992,2020,2025
LURIE CHILDREN'S HOSPITAL OF CHICAGO,CHICAGO,IL,1525701,42,17,17349587,2020,2025
UPSTATE MEDICAL UNIVERSITY,SYRACUSE,NY,5992619,42,17,16247843,2020,2025
FLORIDA STATE UNIVERSITY,TALLAHASSEE,FL,513804,35,17,14312501,2020,2025
UNIVERSITY OF MASSACHUSETTS AMHERST,HADLEY,MA,850904,39,17,14066723,2020,2025
MAYO CLINIC ARIZONA,SCOTTSDALE,AZ,4976104,45,16,19531292,2020,2025
BECKMAN RESEARCH INSTITUTE/CITY OF HOPE,DUARTE,CA,3058203,34,16,16658632,2020,2025
WAYNE STATE UNIVERSITY,DETROIT,MI,9110501,37,16,13019009,2020,2025
"UNIVERSITY OF CALIFORNIA, MERCED",MERCED,CA,10002981,25,16,6522690,2020,2025
FEINSTEIN INSTITUTE FOR MEDICAL RESEARCH,MANHASSET,NY,4155008,116,15,67730884,2020,2025
J. DAVID GLADSTONE INSTITUTES,SAN FRANCISCO,CA,1567601,48,15,55872406,2020,2025
NEW YORK BLOOD CENTER,NEW YORK,NY,1782801,26,15,13857993,2020,2025
RICE UNIVERSITY,HOUSTON,TX,9291001,31,15,9104126,2020,2025
UNIVERSITY OF KANSAS LAWRENCE,LAWRENCE,KS,1484302,25,15,8466035,2020,2025
CREIGHTON UNIVERSITY,OMAHA,NE,1943701,22,15,6083876,2020,2025
"VENATORX PHARMACEUTICALS, INC.",MALVERN,PA,10026839,43,14,70782651,2020,2025
CALIFORNIA INSTITUTE OF TECHNOLOGY,PASADENA,CA,1073501,68,14,49264170,2020,2025
NORTHEASTERN UNIVERSITY,BOSTON,MA,6116101,43,14,23292749,2020,2025
WEST VIRGINIA UNIVERSITY,MORGANTOWN,WV,9163701,42,14,21599039,2020,2025
TEXAS A&M UNIVERSITY,COLLEGE STATION,TX,10016499,38,14,12746733,2020,2025
"RUTGERS, THE STATE UNIV OF N.J.",PISCATAWAY,NJ,1196203,28,14,11046073,2020,2025
CLEMSON UNIVERSITY,CLEMSON,SC,1626401,36,14,8425876,2020,2025
FLORIDA INTERNATIONAL UNIVERSITY,MIAMI,FL,513809,25,14,6885906,2020,2025
COLD SPRING HARBOR LABORATORY,COLD SPRING HARBOR,NY,4577101,22,14,3087095,2020,2025
SRI INTERNATIONAL,MENLO PARK,CA,8042701,113,13,142808420,2020,2025
RESEARCH TRIANGLE INSTITUTE,RESEARCH TRIANGLE PARK,NC,6939101,60,13,62848323,2020,2025
JACKSON LABORATORY,BAR HARBOR,ME,7096501,83,13,53628539,2020,2025
KAISER FOUNDATION RESEARCH INSTITUTE,Oakland,CA,3497005,53,13,41034852,2020,2025
RESEARCH INST OF FOX CHASE CAN CTR,PHILADELPHIA,PA,1190002,64,13,38559059,2020,2025
SANFORD BURNHAM PREBYS MEDICAL DISCOVERY INSTITUTE,LA JOLLA,CA,1180101,35,13,21889202,2020,2025
"KEPHERA DIAGNOSTICS, LLC",Framingham,MA,10044686,26,13,17044163,2020,2025
ARKANSAS CHILDREN'S HOSPITAL RES INST,LITTLE ROCK,AR,491702,36,13,15608375,2020,2025
RUSH UNIVERSITY MEDICAL CENTER,CHICAGO,IL,6644301,42,13,14924434,2020,2025
EAST CAROLINA UNIVERSITY,GREENVILLE,NC,578209,27,13,10212316,2020,2025
NORTH CAROLINA STATE UNIVERSITY RALEIGH,RALEIGH,NC,578204,24,13,9923864,2020,2025
UNIVERSITY OF NEVADA RENO,RENO,NV,829903,25,13,8928862,2020,2025
UNIVERSITY OF TOLEDO HEALTH SCI CAMPUS,TOLEDO,OH,229501,26,13,8466125,2020,2025
UNIVERSITY OF NORTH DAKOTA,GRAND FORKS,ND,6093301,27,13,7305202,2020,2025
HARVARD UNIVERSITY,CAMBRIDGE,MA,3212901,99,12,73077389,2020,2025
"HELIXBIND, INC.",Boxborough,MA,10033210,35,12,35110527,2020,2025
"INTEGRATED BIOTHERAPEUTICS, INC.",ROCKVILLE,MD,10006949,20,12,14564271,2020,2022
UNIVERSITY OF CONNECTICUT STORRS,STORRS-MANSFIELD,CT,1506602,34,12,13321488,2020,2025
"MUCOMMUNE, LLC",Morrisville,NC,10038635,17,12,9605571,2020,2025
OREGON STATE UNIVERSITY,CORVALLIS,OR,6297004,29,12,9083598,2020,2025
RBHS-ROBERT WOOD JOHNSON MEDICAL SCHOOL,PISCATAWAY,NJ,10034170,23,12,8919292,2020,2022
NORTHWESTERN UNIVERSITY,Chicago,IL,6144601,23,12,6729734,2020,2025
"STATE UNIVERSITY OF NY,BINGHAMTON",BINGHAMTON,NY,5992621,24,12,5498056,2020,2025
LSU HEALTH SCIENCES CENTER,NEW ORLEANS,LA,577902,21,12,4038950,2020,2025
HDT BIO CORPORATION,SEATTLE,WA,10047972,22,11,23027164,2020,2025
CHILDREN'S RESEARCH INSTITUTE,WASHINGTON,DC,1518602,31,11,14084001,2020,2025
"ABVACC, INC.",ROCKVILLE,MD,10072479,19,11,12176735,2021,2025
UNIVERSITY OF TENNESSEE KNOXVILLE,KNOXVILLE,TN,578304,32,11,11351989,2020,2025
UNIVERSITY OF SOUTH ALABAMA,MOBILE,AL,130401,25,11,9910456,2020,2025
UNIVERSITY OF NEBRASKA LINCOLN,LINCOLN,NE,578103,24,11,9614342,2020,2025
MEHARRY MEDICAL COLLEGE,NASHVILLE,TN,5050201,29,11,8928351,2020,2025
UNIVERSITY OF HAWAII AT MANOA,HONOLULU,HI,820005,27,11,8413434,2020,2025
UNIVERSITY OF TEXAS HLTH CTR AT TYLER,TYLER,TX,578420,22,11,8378438,2020,2025
"RHO FEDERAL SYSTEMS DIVISION, INC.",Durham,NC,3709001,64,10,259831220,2020,2025
NEW YORK UNIVERSITY,NEW YORK,NY,5998301,60,10,27263234,2020,2025
INSTITUTE FOR SYSTEMS BIOLOGY,SEATTLE,WA,4106301,38,10,22514958,2020,2025
BOSTON UNIVERSITY (CHARLES RIVER CAMPUS),BOSTON,MA,10001093,36,10,20330912,2020,2025
SOUTHERN RESEARCH INSTITUTE,BIRMINGHAM,AL,7657001,31,10,18211875,2020,2025
"CHROMOLOGIC, LLC",MONROVIA,CA,10005243,20,10,16413084,2020,2025
"FOX CHASE CHEMICAL DIVERSITY CENTER, INC",DOYLESTOWN,PA,10020652,22,10,14425879,2020,2025
"PROKARYOTICS, INC.",UNION,NJ,10045100,20,10,11965964,2020,2025
"J. CRAIG VENTER INSTITUTE, INC.",LA JOLLA,CA,10004362,20,10,10158968,2020,2025
UNIVERSITY OF TEXAS DALLAS,RICHARDSON,TX,578409,26,10,10014276,2020,2025
UNIVERSITY OF NORTH CAROLINA CHARLOTTE,CHARLOTTE,NC,578202,18,10,7130883,2022,2025
EAST TENNESSEE STATE UNIVERSITY,JOHNSON CITY,TN,1274603,24,10,6168197,2020,2025
"TRIAD NATIONAL SECURITY, LLC",Los Alamos,NM,10052746,36,9,25013739,2020,2025
HOSPITAL FOR SPECIAL SURGERY,New York,NY,4081105,42,9,20794636,2020,2025
"NUBAD, LLC",GREER,SC,10023711,24,9,12391302,2020,2024
PALO ALTO VETERANS INSTIT FOR RESEARCH,PALO ALTO,CA,2357101,25,9,12095115,2020,2025
UNIVERSITY OF HOUSTON,HOUSTON,TX,1449402,22,9,10298977,2020,2025
UNIVERSITY OF CALIFORNIA SANTA BARBARA,SANTA BARBARA,CA,577509,22,9,8783895,2020,2025
TEXAS TECH UNIVERSITY,LUBBOCK,TX,8285901,18,9,8047069,2020,2025
LOUISIANA STATE UNIV HSC SHREVEPORT,SHREVEPORT,LA,577905,22,9,7103725,2020,2025
VETERANS MEDICAL RESEARCH FDN/SAN DIEGO,SAN DIEGO,CA,2908201,16,9,5650964,2020,2025
UNIVERSITY OF SOUTHERN MISSISSIPPI,HATTIESBURG,MS,7648301,16,9,4119681,2020,2025
NEW YORK MEDICAL COLLEGE,VALHALLA,NY,5948901,16,9,3804330,2020,2025
"LYNNTECH, INC.",COLLEGE STATION,TX,2317901,11,9,3086660,2020,2025
"TECHNICAL RESOURCES INTERNATIONAL, INC.",BETHESDA,MD,1603501,50,8,322819502,2020,2025
AMERICAN TYPE CULTURE COLLECTION,MANASSAS,VA,397101,56,8,142421355,2020,2025
"FISHER BIOSERVICES, INC.",ROCKVILLE,MD,3601801,34,8,96057370,2020,2025
"ADVANCED BIOSCIENCE LABORATORIES, INC.",KENSINGTON,MD,319502,185,8,79501383,2020,2025
MIRIAM HOSPITAL,PROVIDENCE,RI,5369401,73,8,36317436,2020,2025
UTAH STATE UNIVERSITY,LOGAN,UT,514003,79,8,24680532,2020,2025
INTERNATIONAL AIDS VACCINE INITIATIVE,NEW YORK,NY,10019434,37,8,24037735,2020,2025
IAS,WASHINGTON D.C.,DC,10028538,8,8,12532940,2020,2025
SAN DIEGO BIOMEDICAL RESEARCH INSTITUTE,SAN DIEGO,CA,10035282,18,8,10624303,2020,2025
"PLANET BIOTECHNOLOGY, INC.",HAYWARD,CA,4226101,16,8,7164063,2020,2025
UNIVERSITY OF IDAHO,MOSCOW,ID,3543501,21,8,6988836,2020,2025
"VIA THERAPEUTICS, LLC",AUSTIN,TX,10038939,8,8,6952414,2020,2025
OLD DOMINION UNIVERSITY,NORFOLK,VA,6249601,13,8,6187666,2020,2025
CARNEGIE-MELLON UNIVERSITY,PITTSBURGH,PA,247601,21,8,5127989,2020,2025
PPD DEVELOPMENT LP,WILMINGTON,NC,4079901,49,7,882946967,2020,2025
GEORGE MASON UNIVERSITY,FAIRFAX,VA,819801,28,7,29957170,2020,2025
"NOVOBIOTIC PHARMACEUTICALS, LLC",CAMBRIDGE,MA,10003455,18,7,16288840,2020,2025
"HARVARD PILGRIM HEALTH CARE, INC.",Canton,MA,444701,17,7,13755283,2020,2025
INTEGRAL MOLECULAR,PHILADELPHIA,PA,4419201,13,7,13211437,2020,2025
"INHALON BIOPHARMA, INC.",Morrisville,NC,10053216,13,7,12822673,2022,2025
"EMMUNE, INC",Juno Beach,FL,10038098,16,7,12730491,2020,2025
"MOLECULAR EXPRESS, INC.",RANCHO DOMINGUEZ,CA,3719901,12,7,10261544,2020,2024
"CELDARA MEDICAL, LLC",LEBANON,NH,10020536,14,7,9913218,2020,2025
"ACCELEVIR DIAGNOSTICS, LLC",BALTIMORE,MD,10039916,12,7,9148668,2020,2025
UNIVERSITY OF NEW MEXICO,ALBUQUERQUE,NM,1415702,22,7,8766472,2020,2025
VAN ANDEL RESEARCH INSTITUTE,GRAND RAPIDS,MI,4239601,16,7,8476209,2020,2025
"BIOLOGICAL MIMETICS, INC.",FREDERICK,MD,3784401,12,7,6751257,2020,2025
"VERSITI BLOOD HEALTH, INC.",MILWAUKEE,WI,5304801,16,7,6159730,2020,2025
ROSALIND FRANKLIN UNIV OF MEDICINE & SCI,NORTH CHICAGO,IL,1402201,16,7,5777039,2020,2025
"FIMBRION THERAPEUTICS, INC.",SAINT LOUIS,MO,10032167,12,7,5685903,2020,2025
ASTERO ERADO INC,COLLEGE STATION,TX,10059077,10,7,5541445,2021,2025
HENNEPIN HEALTHCARE RESEARCH INSTITUTE,MINNEAPOLIS,MN,2321401,19,7,5182146,2020,2025
DUQUESNE UNIVERSITY,PITTSBURGH,PA,2226801,12,7,3695124,2020,2025
FLORIDA ATLANTIC UNIVERSITY,BOCA RATON,FL,513803,12,7,3572789,2020,2025
"IMMPORT THERAPEUTICS, INC.",IRVINE,CA,10002068,11,7,3046283,2020,2025
"BIOTHERAPEUTICS, INC.",Blacksburg,VA,10030530,8,7,2887239,2020,2025
"ST. JUDE CHILDREN'S RESEARCH HOSPITAL GRADUATE SCHOOL OF BIOMEDICAL SCIENCES, LLC",MEMPHIS,TN,10057288,11,7,393770,2021,2025
"HAWAII BIOTECH, INC.",HONOLULU,HI,1681601,15,6,21255116,2020,2025
GRADUATE SCHOOL OF PUBLIC HEALTH AND HEALTH POLICY,NEW YORK,NY,10041176,17,6,19157979,2020,2025
"EPICYPHER, INC.",Research Triangle Park,NC,10034646,16,6,15377479,2020,2025
UNIVERSITY OF RHODE ISLAND,KINGSTON,RI,6969201,28,6,15025681,2020,2025
"ORLANCE, INC.",SEATTLE,WA,10042809,15,6,11327248,2020,2025
"VAXNEWMO, LLC",SAINT LOUIS,MO,10042803,14,6,10364920,2020,2025
"PAI LIFE SCIENCES, INC.",SEATTLE,WA,10005490,13,6,7738248,2020,2025
"BAEBIES, INC.",DURHAM,NC,10035717,11,6,7531992,2021,2025
BRANDEIS UNIVERSITY,WALTHAM,MA,925301,14,6,6575556,2020,2024
UNIVERSITY OF DELAWARE,Newark,DE,2076701,11,6,6309593,2020,2025
"QOOLABS, INC.",Carlsbad,CA,10031193,9,6,6000000,2020,2025
"BIG EYE DIAGNOSTICS, INC.",SAN DIEGO,CA,10066488,10,6,5835895,2022,2025
WESTERN MICHIGAN UNIV SCHOOL OF MEDICINE,KALAMAZOO,MI,3434101,17,6,5815205,2020,2025
DARTMOUTH-HITCHCOCK CLINIC,LEBANON,NH,10051750,12,6,5664966,2022,2025
"VIRTICI, LLC",Seattle,WA,10028944,11,6,5504006,2020,2024
TEXAS ENGINEERING EXPERIMENT STATION,COLLEGE STATION,TX,8266919,13,6,5204513,2020,2025
TENDEL THERAPIES INC.,KENSINGTON,CA,10054613,8,6,4371645,2020,2025
COLUMBIA UNIV NEW YORK MORNINGSIDE,NEW YORK,NY,1833202,12,6,4189829,2020,2025
UNIVERSITY OF NEVADA LAS VEGAS,LAS VEGAS,NV,829902,11,6,4171890,2020,2025
OHIO UNIVERSITY ATHENS,ATHENS,OH,1523702,12,6,2821373,2020,2025
BAYLOR UNIVERSITY,WACO,TX,697301,6,6,2821075,2020,2025
WESTERN UNIVERSITY OF HEALTH SCIENCES,POMONA,CA,1387101,11,6,2634693,2020,2025
MAYO CLINIC  JACKSONVILLE,JACKSONVILLE,FL,4976105,9,6,2578852,2020,2025
AUBURN UNIVERSITY AT AUBURN,Auburn,AL,1470402,11,6,1718629,2021,2024
BATTELLE CENTERS/PUB HLTH RES & EVALUATN,COLUMBUS,OH,685902,76,5,69529912,2020,2025
UNIVERSITY OF LOUISIANA AT LAFAYETTE,LAFAYETTE,LA,7676001,56,5,39441737,2020,2025
MAGEE-WOMEN'S RES INST AND FOUNDATION,Pittsburgh,PA,3840801,14,5,27065802,2020,2025
HENRY FORD HEALTH SYSTEM,DETROIT,MI,218602,50,5,26618498,2020,2024
NORTHERN ARIZONA UNIVERSITY,FLAGSTAFF,AZ,482601,38,5,21157261,2021,2025
"ARISAN THERAPEUTICS, INC.",Carlsbad,CA,10026686,12,5,15148836,2020,2025
"SCANOGEN, INC.",Baltimore,MD,10031281,16,5,14688605,2020,2025
"DYNPORT VACCINE COMPANY, LLC",FREDERICK,MD,10001472,30,5,14008198,2020,2025
CURZA INC,Salt Lake City,UT,10037581,12,5,12097666,2020,2025
"TSRL, INC.",ANN ARBOR,MI,1979301,13,5,10780278,2020,2025
"BIOQUAL, INC.",ROCKVILLE,MD,1965903,32,5,10617938,2020,2025
"TRELLIS BIOSCIENCE, INC.",Redwood City,CA,10001206,12,5,10569475,2020,2024
"RISE THERAPEUTICS, LLC",Rockville,MD,10045644,12,5,10085921,2020,2025
EMERGENT PRODUCT DEVELOPMENT GAITHERSBUR,GAITHERSBURG,MD,3191901,6,5,8045797,2020,2023
TRANSLATIONAL GENOMICS RESEARCH INST,PHOENIX,AZ,10001715,16,5,7407163,2020,2025
"SIGMOVIR BIOSYSTEMS, INC.",ROCKVILLE,MD,10028042,13,5,6537970,2020,2025
"PHASE GENOMICS, INC.",SEATTLE,WA,10038678,8,5,5725633,2020,2025
"BOLDER BIOTECHNOLOGY, INC.",BOULDER,CO,3731801,7,5,5686232,2020,2024
"MARPAM PHARMA, LLC",St. Paul,MN,10056822,11,5,5442305,2020,2025
"OSSIUM HEALTH, INC.",SAN FRANCISCO,CA,10043351,10,5,5039996,2020,2025
"PHAGEPRO, INC.",Mansfield,MA,10045570,10,5,4899327,2020,2025
"GODX, INC.",MADISON,WI,10035989,8,5,4837783,2020,2024
AUGUSTA UNIVERSITY,AUGUSTA,GA,676605,13,5,3937966,2020,2024
"POP BIOTECHNOLOGIES, INC",BUFFALO,NY,10040035,8,5,3923011,2020,2025
"NEOVAXSYN, INC.",AMES,IA,10044723,6,5,3450448,2020,2024
HBVTECH,GERMANTOWN,MD,10033946,7,5,3021295,2020,2025
CLEVELAND STATE UNIVERSITY,CLEVELAND,OH,2618201,9,5,2299321,2020,2025
TEXAS TECH UNIVERSITY HEALTH SCIS CENTER,LUBBOCK,TX,8285902,7,5,1739436,2020,2025
STATE UNIVERSITY OF NEW YORK AT ALBANY,ALBANY,NY,5992604,8,5,918577,2020,2025
"CRESTONE, INC.",BOULDER,CO,10024823,13,4,47471106,2020,2025
ACCESS TO ADVANCED HEALTH INSTITUTE,SEATTLE,WA,3125901,12,4,25924348,2020,2024
BARUCH S. BLUMBERG INSTITUTE,DOYLESTOWN,PA,10005877,10,4,15431212,2020,2025
OAK CREST INSTITUTE OF SCIENCE,MONROVIA,CA,4585601,16,4,12720058,2020,2025
MIDWEST RESEARCH INSTITUTE,KANSAS CITY,MO,5282001,12,4,11300650,2020,2025
INIMMUNE CORPORATION,MISSOULA,MT,10044756,7,4,10915840,2020,2025
"ECOHEALTH ALLIANCE, INC.",NEW YORK,NY,4415701,11,4,10119865,2020,2023
"THERAPYX, INC.",BUFFALO,NY,4529801,10,4,9022541,2020,2025
"AURITEC PHARMACEUTICALS, INC.",PASADENA,CA,10000119,10,4,8481796,2020,2025
UNIVERSITY OF TEXAS EL PASO,EL PASO,TX,578405,12,4,7022175,2020,2025
WHITEHEAD INSTITUTE FOR BIOMEDICAL RES,CAMBRIDGE,MA,1742101,14,4,6810925,2020,2025
"REDBUD LABS, INC.",Durham,NC,10027903,8,4,6657860,2020,2025
APPLIED BIOMEDICAL SCIENCE INSTITUTE,SAN DIEGO,CA,10052524,9,4,6618757,2020,2025
SAN DIEGO STATE UNIVERSITY,SAN DIEGO,CA,513614,12,4,6525560,2020,2025
"NAJIT TECHNOLOGIES, INC.",Beaverton,OR,10003992,8,4,6352479,2020,2025
"CHICAGO BIOSOLUTIONS, INC.",CHICAGO,IL,10039919,9,4,6141281,2020,2024
"AUTONOMOUS THERAPEUTICS, INC.",SILVER SPRING,MD,10052525,5,4,5622204,2024,2025
VITALANT ,SCOTTSDALE,AZ,10004326,10,4,5554614,2022,2025
"DXDISCOVERY, INC.",RENO,NV,10033028,6,4,5065688,2020,2025
"AIMMAX THERAPEUTICS, INC.",DURHAM,NC,10057598,9,4,4890109,2022,2025
TRETHERA CORPORATION,SHERMAN OAKS,CA,10042526,7,4,4257435,2023,2025
MIDWESTERN UNIVERSITY,DOWNERS GROVE,IL,3085302,10,4,3920824,2020,2025
"TIBA BIOTECH, LLC",CAMBRIDGE,MA,10043326,6,4,3761893,2021,2025
UNIVERSITY OF MISSOURI KANSAS CITY,KANSAS CITY,MO,578004,8,4,3283201,2022,2025
UNIVERSITY OF ALABAMA IN TUSCALOOSA,TUSCALOOSA,AL,1288802,9,4,3244143,2020,2025
RENSSELAER POLYTECHNIC INSTITUTE,TROY,NY,6910301,6,4,3151989,2020,2025
"SALUS DISCOVERY, LLC",Madison,WI,10036257,6,4,3063350,2023,2025
UNIVERSITY OF TEXAS ARLINGTON,ARLINGTON,TX,578402,13,4,2922459,2020,2024
MISSISSIPPI STATE UNIVERSITY,MISSISSIPPI STATE,MS,5386501,7,4,2838086,2020,2025
NEW YORK STRUCTURAL BIOLOGY CENTER,NEW YORK,NY,4121701,7,4,2800551,2023,2025
ROCHESTER GENERAL HOSPITAL (NY),ROCHESTER,NY,7030001,7,4,2635900,2020,2025
WAKE FOREST UNIVERSITY,WINSTON-SALEM,NC,9021201,10,4,2568556,2020,2025
UNIVERSITY OF MASSACHUSETTS DARTMOUTH,NORTH DARTMOUTH,MA,850906,7,4,2243139,2020,2024
GENEVA FOUNDATION,Tacoma,WA,4276901,7,4,2095258,2020,2023
HOWARD UNIVERSITY,WASHINGTON,DC,3499801,7,4,1907464,2020,2025
UNIVERSITY OF MISSISSIPPI MED CTR,JACKSON,MS,5390304,7,4,1836825,2020,2025
SUNY DOWNSTATE MEDICAL CENTER,BROOKLYN,NY,5992616,6,4,1745694,2020,2025
UNIVERSITY OF SAN FRANCISCO,SAN FRANCISCO,CA,7265601,7,4,1604110,2020,2025
HENRY FORD HEALTH + MICHIGAN STATE UNIVERSITY HEALTH SCIENCES,EAST LANSING,MI,10071230,4,4,1038378,2024,2025
FAMILY HEALTH INTERNATIONAL,DURHAM,NC,1301901,16,3,431985382,2020,2025
"DIGITAL INFUZION, INC.",Rockville,MD,10007457,19,3,26970608,2020,2025
MASSACHUSETTS EYE AND EAR INFIRMARY,BOSTON,MA,4905801,37,3,23086494,2020,2025
"VERSATOPE THERAPEUTICS, INC.",Lowell,MA,10045872,10,3,16956176,2020,2025
"ICON GOVERNMENT AND PUBLIC HEALTH SOLUTIONS, INC.",HINCKLEY,OH,10023022,14,3,13707221,2020,2025
UNIVERSITY OF MARYLAND BALTIMORE COUNTY,BALTIMORE,MD,820103,10,3,11773708,2020,2025
ARIETIS,Boston,MA,10010171,10,3,10818416,2020,2025
"ALDATU BIOSCIENCES, INC.",Watertown,MA,10036337,10,3,9428005,2021,2025
"BLUEWILLOW BIOLOGICS, INC.",ANN ARBOR,MI,10001832,9,3,8894175,2020,2024
"FZATA, INC.",HALETHORPE,MD,10040649,10,3,8805027,2020,2023
PORTLAND STATE UNIVERSITY,PORTLAND,OR,6297008,13,3,8379004,2020,2025
CHILDREN'S HOSPITAL OF LOS ANGELES,LOS ANGELES,CA,1520001,12,3,6380318,2020,2024
RAND CORPORATION,SANTA MONICA,CA,6856101,10,3,6321055,2020,2025
"INTACT GENOMICS, INC.",ST LOUIS,MO,10035069,7,3,6242954,2020,2024
UNIVERSITY OF PUERTO RICO MED SCIENCES,SAN JUAN,PR,578705,12,3,5954219,2020,2024
"SCARAB GENOMICS, LLC",MADISON,WI,10000373,6,3,5644202,2020,2022
"BIOPEPTIDES, INC.",Ridgefield,CT,4442201,8,3,5556784,2020,2025
"MOONLIGHT THERAPEUTICS, INC.",Marietta,GA,10050054,8,3,5499528,2020,2025
IMMUNARTES LLC,Willowbrook,IL,10050544,6,3,5218332,2021,2025
"7 HILLS PHARMA, LLC",HOUSTON,TX,10037533,6,3,5174459,2021,2024
EASTERN VIRGINIA MEDICAL SCHOOL,NORFOLK,VA,471501,6,3,4591983,2020,2023
HUNTER COLLEGE,NEW YORK,NY,1605019,7,3,4578573,2020,2025
"MEDIGEN, INC.",FREDERICK,MD,10005012,6,3,4298218,2020,2025
"AKONNI BIOSYSTEMS, INC.",FREDERICK,MD,10002911,5,3,4294774,2020,2024
ZYMERON CORPORATION,DURHAM,NC,10042923,10,3,4199986,2020,2022
"MAPP BIOPHARMACEUTICAL, INC.",SAN DIEGO,CA,10002639,5,3,4035649,2020,2025
"ANALYTICAL DIAGNOSTIC SOLUTIONS, INC.",MOUNT LAUREL,NJ,10034526,5,3,3767404,2020,2023
"SIOLTA THERAPEUTICS, INC.",SAN CARLOS,CA,10056071,5,3,3750630,2022,2025
TENGEN BIOMEDICAL CO.,BETHESDA,MD,10003367,6,3,3649060,2021,2023
"INGENIOUS TARGETING LABORATORY, INC.",RONKONKOMA,NY,4215301,6,3,3635601,2020,2024
"CELL MICROSYSTEMS, INC.",DURHAM,NC,10026907,4,3,3531346,2020,2024
"VECTECH, LLC",Baltimore,MD,10061068,7,3,3508248,2021,2025
ASCRIBE BIOSCIENCE INC.,ITHACA,NY,10056316,5,3,3324125,2020,2024
"HALOMINE, INC.",ITHACA,NY,10053342,5,3,3285005,2020,2025
"CARNEGIE INSTITUTION OF WASHINGTON, D.C.",WASHINGTON,DC,1166601,7,3,3167954,2022,2025
"AFFINERGY, LLC",DURHAM,NC,10031812,5,3,3130166,2020,2021
"GUILD ASSOCIATES, INC.",DUBLIN,OH,1698201,5,3,3090983,2020,2023
"NEW YORK STATE PSYCHIATRIC INSTITUTE DBA RESEARCH FOUNDATION FOR MENTAL HYGIENE, INC",NEW YORK,NY,1590919,9,3,3035389,2020,2025
"INBIOS INTERNATIONAL, INC.",Seattle,WA,3966401,5,3,2886605,2020,2025
"ELDEC PHARMACEUTICALS, INC.",Durham,NC,10048636,5,3,2847199,2020,2023
"AVANTGEN, INC.",SAN DIEGO,CA,10006668,4,3,2746156,2021,2025
IDAHO STATE UNIVERSITY,POCATELLO,ID,3541601,7,3,2661607,2022,2025
PEAK DIAGNOSTIC PARTNERS LLC,Aurora,CO,10056266,4,3,2599999,2020,2022
"GENERAL NUTRACEUTICAL TECHNOLOGY, LLC",Briarcliff Manor,NY,10053386,5,3,2594571,2023,2024
WORCESTER POLYTECHNIC INSTITUTE,WORCESTER,MA,9374601,8,3,2577329,2020,2024
"SANO CHEMICALS, INC",COLLEGE STATION,TX,10038489,4,3,2429096,2020,2024
UNIVERSITY OF ARKANSAS AT FAYETTEVILLE,FAYETTEVILLE,AR,1471102,4,3,2327801,2022,2025
BRIGHAM YOUNG UNIVERSITY,PROVO,UT,951901,6,3,2297003,2022,2025
TEXAS TECH UNIVERSITY HEALTH SCIENCES CENTER AT EL PASO,EL PASO,TX,10054693,6,3,2248389,2021,2025
KATHERA BIOSCIENCE INC.,UNION,NJ,10060976,5,3,2189220,2021,2025
"AUTOIMMUNITY BIOLOGIC SOLUTIONS, INC.",Galveston,TX,10048505,4,3,1993993,2020,2023
ALBANY COLLEGE OF PHARMACY,ALBANY,NY,8455011,4,3,1935246,2020,2025
HARLINGENE LIFE SCIENCES LLC,DOYLESTOWN,PA,10064796,4,3,1900000,2022,2025
"RATIONAL VACCINES, INC.",WOBURN,MA,10052690,4,3,1835901,2022,2025
"OYAGEN, INC.",ROCHESTER,NY,10005030,6,3,1769862,2020,2024
UNIVERSITY OF CALIF-LAWRENC BERKELEY LAB,BERKELEY,CA,577512,6,3,1633907,2020,2025
"QRONO, INC",PITTSBURGH,PA,10028869,3,3,1504043,2022,2024
"LUNA BIOSCIENCE, INC.",WESTPORT,CT,10073539,5,3,1500066,2023,2025
"QUERCUS MOLECULAR DESIGN, LLC",Farmington,CT,10044906,5,3,1497725,2020,2024
SOUTHERN ILLINOIS UNIVERSITY CARBONDALE,CARBONDALE,IL,1194502,5,3,1467618,2020,2023
"LUNA LABS USA, LLC",CHARLOTTESVILLE,VA,10069630,4,3,1467338,2023,2024
"OAK THERAPEUTICS, INC.",Lawrence,KS,10038778,3,3,1383091,2022,2025
"VIRONIKA, LLC",Wynnewood,PA,10017134,5,3,1299278,2020,2023
UNIVERSITY OF NORTH CAROLINA GREENSBORO,GREENSBORO,NC,578205,4,3,1271348,2020,2025
MERCER UNIVERSITY MACON,MACON,GA,1477802,4,3,1205398,2021,2024
"TRUDEAU INSTITUTE, INC.",SARANAC LAKE,NY,8409401,5,3,1188000,2020,2023
CFD RESEARCH CORPORATION,HUNTSVILLE,AL,2805101,4,3,1178433,2021,2025
UNIVERSITY OF WYOMING,LARAMIE,WY,9412601,6,3,1173737,2021,2024
"VIVID BIOINNOVATIONS, PBC",San Francisco,CA,10055606,3,3,1163382,2023,2025
CALIFORNIA STATE UNIVERSITY FULLERTON,FULLERTON,CA,513603,4,3,1115824,2022,2025
LOVELACE BIOMEDICAL & ENVIRONMENTAL RESEARCH INSTITUTE,Albuquerque,NM,679302,4,3,1103743,2020,2021
ILLINOIS STATE UNIVERSITY,NORMAL,IL,3565001,4,3,1024581,2021,2024
COLORADO SCHOOL OF MINES,GOLDEN,CO,130501,5,3,1008191,2020,2025
MIAMI UNIVERSITY OXFORD,OXFORD,OH,1522802,4,3,984191,2021,2024
TOWSON UNIVERSITY,TOWSON,MD,820112,3,3,977286,2021,2025
MOLECULAR MEDICINE RESEARCH INSTITUTE,SUNNYVALE,CA,3977901,6,3,926250,2020,2025
"DAY ZERO DIAGNOSTICS, INC.",Boston,MA,10043011,3,3,903921,2021,2023
"GINER, INC.",NEWTON,MA,1379901,3,3,899894,2020,2023
MICHIGAN TECHNOLOGICAL UNIVERSITY,HOUGHTON,MI,5230701,5,3,897400,2020,2024
"AI BIOSCIENCES, INC.",COLLEGE STATION,TX,10031615,3,3,895097,2021,2025
NUMENTUS TECHNOLOGIES INC.,MENLO PARK,CA,10063089,3,3,882263,2022,2024
ANTIGER THERAPEUTICS INC.,St Louis,MO,10068655,3,3,869457,2023,2025
UNIVERSITY OF OREGON,EUGENE,OR,6297005,7,3,841583,2020,2024
UNIVERSITY OF SOUTH DAKOTA,VERMILLION,SD,7596201,5,3,822780,2020,2025
"GENETAG TECHNOLOGY, INC.",ATLANTA,GA,3928501,4,3,798495,2020,2024
"CYANVAC, LLC",ATHENS,GA,10045961,4,3,758874,2022,2024
UNIVERSITY OF NORTH TEXAS HLTH SCI CTR,FORT WORTH,TX,6108502,4,3,756980,2020,2025
"TANGO BIOSCIENCES, INC.",CHICAGO,IL,10045622,3,3,754711,2021,2023
LOVELACE BIOMEDICAL RESEARCH INSTITUTE,ALBUQUERQUE,NM,10061906,4,3,655576,2022,2025
"PURINE PHARMACEUTICALS, INC.",GILLETTE,NJ,10035963,3,3,645116,2020,2022
HEPATITIS B FOUNDATION,DOYLESTOWN,PA,10000268,3,3,21000,2021,2024
"LEIDOS BIOMEDICAL RESEARCH, INC.",FREDERICK,MD,10008928,48,2,661397139,2021,2025
"THE EMMES COMPANY, LLC",ROCKVILLE,MD,1381101,28,2,182598212,2020,2025
GLOBAL ALLIANCE FOR TB DRUG DEVELOPMENT,NEW YORK,NY,10011831,33,2,48440977,2020,2024
"REVAGENIX, INC.",SAN MATEO,CA,10056405,7,2,40209479,2020,2024
ALPHA GENESIS INC,YEMASSEE,SC,-319544,13,2,30383079,2021,2025
"PRECISION BIOSERVICES, INC.",FREDERICK,MD,10034768,8,2,24337477,2020,2025
"QUALITY BIOLOGICAL, INC.",GAITHERSBURG,MD,2017101,6,2,16831850,2020,2025
"ABVIRO, LLC",BETHESDA,MD,10036940,6,2,14539994,2020,2024
"NYSDOH/HEALTH RESEARCH, INC.",MENANDS,NY,5966001,7,2,12654719,2020,2025
"NANOTHERAPEUTICS, INC.",ALACHUA,FL,4146401,7,2,12604919,2020,2024
PUBLIC HEALTH FOUNDATION ENTERPRISES,CITY OF INDUSTRY,CA,540201,13,2,11293054,2020,2025
"BIOCRYST PHARMACEUTICALS, INC.",DURHAM,NC,2108001,4,2,11047601,2020,2023
POPULATION COUNCIL,NEW YORK,NY,6594901,10,2,9170047,2020,2024
"INTRALYTIX, INC.",Columbia,MD,3927701,7,2,8697080,2020,2024
SCRIPPS INSTITUTION OF OCEANOGRAPHY,La Jolla,CA,10075017,4,2,8432910,2020,2025
"CERAMEDIX HOLDING, LLC",NEW YORK,NY,10045006,7,2,8224739,2020,2025
"EVRYS BIO, LLC",DOYLESTOWN,PA,10032382,9,2,8087331,2020,2025
BIOMEDICAL RESEARCH INSTITUTE,ROCKVILLE,MD,838205,6,2,7935500,2021,2025
"STARKS ASSOCIATES, INC.",BUFFALO,NY,9620701,7,2,6281952,2020,2024
"PURACATH MEDICAL, INC.",Newark,CA,10031393,6,2,5991119,2020,2025
"INNOVATION PATHWAYS, LLC",PALO ALTO,CA,10036340,5,2,5609827,2020,2025
"EUROFINS PANLABS, INC.",SAINT CHARLES,MO,10089014,35,2,5339194,2020,2025
"BIOVINC, LLC",SANTA BARBARA,CA,10035293,6,2,5231661,2020,2025
"VXBIOSCIENCES, INC.",OAKLAND,CA,10061873,3,2,5117583,2021,2023
ROSWELL PARK CANCER INSTITUTE CORP,BUFFALO,NY,3934901,10,2,5106459,2020,2025
"FLUGEN, INC.",MADISON,WI,10019525,6,2,4965425,2020,2025
"CODAGENIX, INC.",Farmingdale,NY,10024277,5,2,4917851,2020,2022
"WHITMAN-WALKER INSTITUTE, INC.",WASHINGTON,DC,10058876,5,2,4913742,2021,2025
"VAXESS TECHNOLOGIES, INC.",CAMBRIDGE,MA,10032377,5,2,4842849,2020,2023
"OMVAX, INC.",SAN FRANCISCO,CA,10038863,8,2,4787599,2020,2024
PATH,Seattle,WA,2855701,6,2,4498819,2020,2025
ADJUVAX LLC,HOOVER,AL,10062132,3,2,4200000,2022,2025
UNIVERSITY OF TEXAS RIO GRANDE VALLEY,EDINBURG,TX,578422,8,2,4056290,2020,2025
"CHILDREN'S MERCY HOSP (KANSAS CITY, MO)",KANSAS CITY,MO,1529501,7,2,3994634,2020,2025
VISIONQUEST BIOMEDICAL INC,ALBUQUERQUE,NM,10055882,4,2,3992098,2020,2022
"GRYPHON SCIENTIFIC, LLC",TAKOMA PARK,MD,10007104,6,2,3950439,2020,2024
"SELUX DIAGNOSTICS, INC.",Charlestown,MA,10038329,4,2,3794217,2020,2023
KENNESAW STATE UNIVERSITY,KENNESAW,GA,676623,8,2,3791642,2021,2025
ALLUCENT GOVERNMENT SERVICES (US) LLC,CARY,NC,10089011,7,2,3762585,2022,2025
"LUCEOME BIOTECHNOLOGIES, LLC",TUCSON,AZ,10018873,4,2,3756240,2020,2024
"CYTOAGENTS, INC.",PITTSBURGH,PA,10056107,4,2,3661822,2020,2022
"ENEPRET, INC.",LEXINGTON,KY,10045877,2,2,3595837,2022,2025
"JAN BIOTECH, INC.",ITHACA,NY,10035704,5,2,3591256,2020,2025
"IMMUNO TECHNOLOGIES, INC.",Memphis,TN,10031844,5,2,3582046,2020,2024
"MIRAVISTA DIAGNOSTICS, LLC",INDIANAPOLIS,IN,10042190,5,2,3568109,2021,2025
"SCIOGEN, LLC",San Jose,CA,10002055,5,2,3566176,2020,2025
EXBAQ LLC,BETHESDA,MD,10052297,5,2,3562039,2020,2024
"LYNDRA THERAPEUTICS, INC.",Watertown,MA,10040700,3,2,3545642,2020,2021
HEKTOEN INSTITUTE FOR MEDICAL RESEARCH,Chicago,IL,3290801,4,2,3541753,2020,2023
"GLYCOMIRA, LLC",SALT LAKE CITY,UT,10019767,5,2,3354941,2020,2024
"RAFT PHARMACEUTICALS, LLC",SAN DIEGO,CA,10052906,4,2,3343586,2020,2025
"BCN BIOSCIENCES, LLC",PASADENA,CA,10016969,4,2,3325958,2020,2025
"THERASOURCE, LLC",ROSLYN,NY,10004292,5,2,3312479,2020,2023
"MESO SCALE DIAGNOSTICS, LLC",ROCKVILLE,MD,10000826,4,2,3291862,2020,2024
"PROGENTEC DIAGNOSTICS, INC.",Oklahoma City,OK,10039663,4,2,3276146,2020,2025
"TRIANGLE BIOTECHNOLOGY, INC.",Chapel Hill,NC,10046335,4,2,3247862,2020,2024
NELSON SCIENTIFIC LABS LLC,POTOMAC,MD,10050829,5,2,3224595,2020,2025
KECK GRADUATE INST OF APPLIED LIFE SCIS,CLAREMONT,CA,3989101,4,2,3213997,2021,2023
"IMMUNEXT, INC.",LEBANON,NH,10028976,4,2,2961713,2020,2023
"VLP BIOTECH, INC.",San Diego,CA,10008084,3,2,2840452,2020,2021
UNIVERSITY OF TOLEDO,TOLEDO,OH,8350501,6,2,2828285,2020,2024
"TAXIS PHARMACEUTICALS, INC.",MONMOUTH JUNCTION,NJ,10021742,3,2,2799789,2024,2025
"RESPANA THERAPEUTICS, INC.",PHILADELPHIA,PA,10046067,4,2,2763597,2022,2025
"EPIVAX, INC.",PROVIDENCE,RI,3897301,3,2,2559430,2020,2023
UNIVERSITY OF DENVER (COLORADO SEMINARY),DENVER,CO,2091901,8,2,2529882,2020,2025
VRM LABS INC,EASLEY,SC,10059519,4,2,2361321,2021,2025
UNIVERSITY OF MASSACHUSETTS LOWELL,LOWELL,MA,850905,5,2,2330928,2020,2023
"VIVREON BIOSCIENCES, LLC",San Diego,CA,10037027,3,2,2299983,2022,2025
"COLLABORATIONS PHARMACEUTICALS, INC.",FUQUAY VARINA,NC,10038390,2,2,2294291,2023,2025
SOUTH DAKOTA STATE UNIVERSITY,BROOKINGS,SD,7590501,7,2,2283343,2020,2024
"BELLBROOK LABS, LLC",MADISON,WI,4574601,3,2,2211770,2021,2022
"CYTORUM, INC.",Santa Clara,CA,10062834,3,2,2198165,2022,2024
"SYLVATICA BIOTECH, INC.",NORTH CHARLESTON,SC,10038858,3,2,2179472,2020,2021
CURE SYSTEMS LLC,NEWTON CENTER,MA,10088742,3,2,2099777,2022,2024
BUCK INSTITUTE FOR RESEARCH ON AGING,NOVATO,CA,3123401,3,2,2059295,2020,2025
H. LEE MOFFITT CANCER CTR & RES INST,TAMPA,FL,3736101,6,2,2016202,2020,2024
"VAST THERAPEUTICS, INC.",Morrisville,NC,10049523,2,2,2000000,2025,2025
"PEARL DIAGNOSTICS, INC.",BALTIMORE,MD,10036149,2,2,1975892,2021,2025
"DFH PHARMA, INC.",GAITHERSBURG,MD,10033085,3,2,1929978,2020,2025
IIT RESEARCH INSTITUTE,CHICAGO,IL,962701,3,2,1888524,2022,2024
"ZABBIO, INC.",SAN DIEGO,CA,10053150,3,2,1833742,2020,2025
"IMMUNO-MYCOLOGICS, INC.",NORMAN,OK,2422901,2,2,1799302,2020,2022
"INTEGRATED RESEARCH ASSOCIATES, LLC",SAN RAFAEL,CA,10041414,2,2,1792785,2020,2022
"TETRACORE, INC.",ROCKVILLE,MD,4501801,2,2,1788080,2022,2024
"CRYOCRATE, LLC",COLUMBIA,MO,10032735,3,2,1648172,2020,2023
CONNECTICUT AGRICULTURAL EXPERIMENT STA,NEW HAVEN,CT,1840201,6,2,1634222,2020,2025
"EDJ ASSOCIATES, INC.",RESTON,VA,10022495,4,2,1622726,2020,2022
"ABBRATECH, INC.",Branford,CT,10062716,3,2,1545314,2022,2024
"AEROSOL DYNAMICS, INC.",BERKELEY,CA,3293901,3,2,1408723,2021,2024
"GEL4MED, INC.",BRIGHTON,MA,10038518,2,2,1350000,2020,2025
SILVER LAKE RESEARCH CORPORATION,AZUSA,CA,10005504,2,2,1350000,2020,2023
"EVOQ THERAPEUTICS, INC.",ANN ARBOR,MI,10048886,2,2,1337733,2022,2025
PARTILLION BIOSCIENCE CORPORATION,LOS ANGELES,CA,10060084,2,2,1275489,2023,2025
ACCURE MEDICAL INC.,Waukesha,WI,10039696,2,2,1250114,2021,2025
"SOCIAL AND SCIENTIFIC SYSTEMS,  INC.",SILVER SPRING,MD,10007277,4,2,1245597,2020,2022
"DECODE HEALTH, INC.",NASHVILLE,TN,10067713,2,2,1227422,2022,2025
NORTHERN CALIFORNIA INSTITUTE/RES/EDU,SAN FRANCISCO,CA,2464601,3,2,1214875,2020,2025
"ANTAGEN PHARMACEUTICALS, INC.",BOSTON,MA,10020830,3,2,1199998,2020,2022
"JBS SCIENCE, INC.",DOYLESTOWN,PA,10028816,4,2,1199967,2022,2024
WRIGHT STATE UNIVERSITY,DAYTON,OH,253101,4,2,1178080,2020,2021
"SYNOXA SCIENCES, INC",RALEIGH,NC,10052396,4,2,1171307,2020,2021
DIGITAL PROTEOMICS LLC,San Diego,CA,10029698,2,2,1145179,2020,2020
"ADVAC THERAPEUTIC, LLC",Phoenixville,PA,10047902,4,2,1115321,2022,2024
UNIVERSITY OF MEMPHIS,MEMPHIS,TN,1274604,3,2,994396,2020,2024
"ARREVUS, INC.",Durham,NC,10041645,2,2,972646,2020,2020
"CAMELLIX, LLC",EVANS,GA,10033185,2,2,919841,2020,2022
"ZYLO THERAPEUTICS, INC.",GREENVILLE,SC,10048889,3,2,900000,2022,2025
"HASENTECH, INC.",CHICAGO,IL,10007533,3,2,898945,2020,2025
"ACEPRE, LLC",COLUMBIA,SC,10045369,3,2,897310,2021,2024
"NEXEOS DIAGNOSTICS, INC.",Chester Springs,PA,10056069,3,2,890560,2020,2022
"TARN BIOSCIENCES, INC.",EAST LANSING,MI,10052020,3,2,889203,2023,2025
"STINGINN, LLC",MIAMI,FL,10055061,3,2,888155,2022,2023
GEORGIA SOUTHERN UNIVERSITY,STATESBORO,GA,676610,4,2,887500,2023,2025
"ABWIZ BIO, INC.",SAN DIEGO,CA,10035180,3,2,880769,2020,2024
UNIVERSITY OF MAINE ORONO,ORONO,ME,3833403,2,2,875520,2022,2023
SAN JOSE STATE UNIVERSITY,SAN JOSE,CA,513616,6,2,870540,2022,2025
WELLESLEY COLLEGE,WELLESLEY,MA,9125701,2,2,864052,2022,2022
ROCHESTER INSTITUTE OF TECHNOLOGY,ROCHESTER,NY,7035701,3,2,860959,2021,2023
"ALEPH THERAPEUTICS, INC.",STANFORD,CA,10042997,3,2,846143,2020,2022
AMERICAN SOCIETY FOR MICROBIOLOGY,WASHINGTON,DC,409901,4,2,806006,2021,2025
BOISE STATE UNIVERSITY,BOISE,ID,478201,4,2,776599,2023,2025
NOVA SOUTHEASTERN UNIVERSITY,Fort Lauderdale-Davie,FL,296901,2,2,686529,2022,2025
NORTH DAKOTA STATE UNIVERSITY,FARGO,ND,6091701,3,2,682000,2021,2025
"GIGAMUNE, INC.",SAN FRANCISCO,CA,10048155,3,2,655000,2022,2023
TEXAS CHRISTIAN UNIVERSITY,FORT WORTH,TX,8272601,4,2,651983,2021,2025
MOREHOUSE SCHOOL OF MEDICINE,ATLANTA,GA,1726701,4,2,639000,2023,2025
SYRACUSE UNIVERSITY,SYRACUSE,NY,1520301,3,2,620200,2020,2025
"GATEWAY BIO, INC.",DURHAM,NC,10044752,2,2,617520,2025,2025
"ALEUTIAN THERAPEUTICS, INC.",LOS ANGELES,CA,10081379,2,2,612946,2025,2025
"INTUITIVE BIOSCIENCES, INC.",MADISON,WI,10066887,2,2,606061,2022,2023
BIOMORPH TECHNOLOGIES LLC,SCOTTSDALE,AZ,10061731,2,2,600000,2021,2023
CELLERGY PHARMA,Wilmington,DE,10070430,2,2,600000,2024,2025
"MELAX TECHNOLOGIES, INC.",Houston,TX,10047556,2,2,600000,2021,2022
"OPTIMEOS LIFE SCIENCES, INC.",Princeton,NJ,10028746,2,2,600000,2024,2025
"TEICHOS LABORATORIES, LLC",Indianapolis,IN,10056697,2,2,600000,2021,2023
"VITRUVIAN BIO, LLC",ELLICOTT CITY,MD,10061484,2,2,599968,2022,2024
UNIVERSITY OF MASSACHUSETTS BOSTON,BOSTON,MA,850902,3,2,599202,2020,2023
"STEALTH BIOLOGICS, LLC",LYME,NH,10036246,2,2,599145,2020,2020
"FINA BIOSOLUTIONS, LLC",ROCKVILLE,MD,10022904,2,2,586898,2020,2024
MARSHALL UNIVERSITY,Huntington,WV,4842001,3,2,582180,2020,2024
"ENYX THERAPEUTICS, LLC",NEW YORK,NY,10068942,2,2,575737,2022,2024
"SOLARIS VACCINES, INC.",FORT COLLINS,CO,10067400,2,2,568765,2023,2025
PROMPT DIAGNOSTICS LLC,Baltimore,MD,10063033,2,2,558558,2022,2025
"PULMONESCENCE DIAGNOSTICS, INC.",HOUSTON,TX,10053638,2,2,550460,2020,2022
"PATAIGIN, LLC",Silver Spring,MD,10057780,2,2,532219,2021,2023
"LUCERNA, INC.",Brooklyn,NY,10025995,2,2,524323,2020,2024
MIDDLE TENNESSEE STATE UNIVERSITY,MURFREESBORO,TN,1274605,3,2,520547,2020,2023
"APEX BAIT TECHNOLOGIES, INC.",SANTA CLARA,CA,10043100,2,2,507481,2021,2022
"ADA FORSYTH INSTITUTE, INC.",Somerville,MA,2705601,2,2,499500,2020,2024
"GLUCOSENTIENT, INC.",CHAMPAIGN,IL,10030858,2,2,489791,2021,2024
"CYRUS BIOTECHNOLOGY, INC.",SEATTLE,WA,10036938,2,2,460584,2021,2025
UNIVERSITY OF MISSISSIPPI,UNIVERSITY,MS,5390301,2,2,447512,2020,2020
IDAHO VETERANS RESEARCH / EDUCATION FDN,BOISE,ID,10031113,4,2,445525,2022,2024
MARIAN UNIVERSITY,INDIANAPOLIS,IN,10034110,3,2,445226,2020,2024
"ELECTRONUCLEICS, INC.",PLACENTIA,CA,10048897,2,2,425651,2021,2023
SWARTHMORE COLLEGE,SWARTHMORE,PA,8166201,2,2,403341,2020,2025
TUFTS MEDICAL CENTER,BOSTON,MA,130301,3,2,368768,2023,2025
"MICROGEN, LLC",LA MARQUE,TX,10003014,3,2,368661,2020,2022
BATTELLE PACIFIC NORTHWEST LABORATORIES,RICHLAND,WA,685903,3,2,340444,2020,2024
ALCHEM LABORATORIES CORPORATION,ALACHUA,FL,10020711,2,2,18195,2021,2025
INTERNATIONAL SOCIETY OF VACCINES,WORCESTER,MA,10071924,2,2,12000,2023,2024
FOUNDATION FOR AIDS RESEARCH,NEW YORK,NY,10006802,7,1,16799234,2020,2025
"ALIGOS THERAPEUTICS, INC.",SOUTH SAN FRANCISCO,CA,10066997,3,1,11286393,2023,2025
"FORGE THERAPEUTICS, INC.",SAN DIEGO,CA,10034771,2,1,10977909,2022,2024
"SPERO THERAPEUTICS, INC.",CAMBRIDGE,MA,10034527,10,1,10501521,2021,2024
"FOOD ALLERGY SCIENCE INITIATIVE, INC.",CAMBRIDGE,MA,10071591,14,1,9381402,2024,2025
"AN2 THERAPEUTICS, INC.",MENLO PARK,CA,10076927,4,1,9235577,2022,2025
"GREFFEX, INC.",AURORA,CO,10037756,5,1,8451050,2020,2025
UNIVERSITY OF CALIF-LAWRNC LVRMR NAT LAB,LIVERMORE,CA,577513,14,1,8234856,2020,2021
"ALPHA GENESIS, INC.",YEMASSEE,SC,10030486,3,1,8015709,2020,2020
"LAWRENCE LIVERMORE NATIONAL SECURITY, LLC",LIVERMORE,CA,10041844,14,1,7720931,2022,2023
AURO VACCINES LLC,EAST WINDSOR,NJ,10057161,5,1,7417867,2021,2025
"XEQUEL BIO, INC.",MOUNT PLEASANT,SC,10006777,4,1,6620728,2021,2024
VIROVAX LLC,LAWRENCE,KS,-472495,4,1,6544392,2020,2022
HUMANETICS CORPORATION,EDINA,MN,1238901,3,1,6347039,2020,2021
"MACROGENICS, INC.",ROCKVILLE,MD,4494401,1,1,6287950,2021,2021
"ALBANY MOLECULAR RESEARCH, INC.",ALBANY,NY,3294801,10,1,6109297,2020,2024
"DNASTAR, INC.",MADISON,WI,1720001,6,1,6047302,2020,2025
MEABCO INC,CHICAGO,IL,10090342,3,1,6028705,2020,2022
"ENTASIS THERAPEUTICS, INC.",WALTHAM,MA,10040914,2,1,5863913,2020,2021
SIEMENS HEALTHCARE DIAGNOSTICS INC.,TARRYTOWN,NY,10067261,1,1,5422657,2023,2023
"ANIVIVE LIFESCIENCES, INC",LONG BEACH,CA,10058097,1,1,4889710,2024,2024
"ZALGEN LABS, LLC",GERMANTOWN,MD,10031387,4,1,4797317,2020,2023
"CHARLES RIVER LABORATORIES INTNTL, INC.",WILMINGTON,MA,1336801,1,1,4737550,2025,2025
"SORRENTO THERAPEUTICS, INC.",SAN DIEGO,CA,10024900,1,1,4590862,2023,2023
"KINETA, INC.",SEATTLE,WA,10018550,4,1,4479788,2020,2023
"GE MEDICAL SYSTEMS INFORMATION TECHNOLOGIES, INC",NISKAYUNA,NY,10073271,1,1,4211973,2024,2024
INDOOR BIOTECHNOLOGIES,CHARLOTTESVILLE,VA,4529401,6,1,3617074,2020,2025
"ALLVIVO VASCULAR, INC.",LAKE FOREST,CA,10006729,4,1,3615085,2020,2025
APPILI THERAPEUTICS USA INC.,FREDERICK,MD,10071364,1,1,3605418,2025,2025
AMERICAN GASTROENTEROLOGICAL ASSN/INST,BETHESDA,MD,10025790,5,1,3407506,2020,2025
TALIS BIOMEDICAL CORPORATION,Chicago,IL,10026146,3,1,3328614,2020,2022
"LOCUS BIOSCIENCES, INC.",Morrisville,NC,10040522,1,1,3318955,2025,2025
"MABLOC, LLC",WASHINGTON,DC,10048978,4,1,3266185,2020,2023
"IT BIO, LLC",BOSTON,MA,10053548,4,1,3250862,2020,2024
EXAVIR THERAPEUTICS INC.,San Francisco,CA,10072416,3,1,3049975,2023,2025
"SIVEC BIOTECHNOLOGIES, LLC",Fort Collins,CO,10045865,3,1,3048652,2020,2022
BUCKNELL UNIVERSITY,LEWISBURG,PA,1014601,5,1,3033986,2021,2025
CITY COLLEGE OF NEW YORK,NEW YORK,NY,1605017,4,1,3019658,2021,2023
"ISCA TECHNOLOGIES, INC.",RIVERSIDE,CA,4481201,3,1,3000000,2022,2024
"NAVIGEN, INC.",SALT LAKE CITY,UT,10013808,3,1,3000000,2020,2022
"DESIGN-ZYME, LLC",LAWRENCE,KS,10042562,1,1,2999999,2024,2024
"VIROGENOMICS BIODEVELOPMENT, INC.",Tigard,OR,10039067,3,1,2991622,2020,2022
CENTIVAX INC,South San Francisco,CA,10061223,3,1,2987953,2023,2025
"VITALEX BIOSCIENCES, LLC",IRVINE,CA,10034412,3,1,2987094,2023,2025
"NOVAFLUX, INC.",PRINCETON,NJ,10050131,3,1,2981889,2023,2025
"FIRST LIGHT DIAGNOSTICS , INC.",Chelmsford,MA,10019266,3,1,2974719,2021,2023
"SPECIFIC DIAGNOSTICS, INC.",Mountain View,CA,10032336,3,1,2974026,2020,2022
"LUCIRA HEALTH, INC",EMERYVILLE,CA,10026439,3,1,2973564,2020,2022
"ORYN THERAPEUTICS, LLC",VACAVILLE,CA,10037644,3,1,2973531,2020,2022
"ACENXION BIOSYSTEMS, INC.",KANSAS CITY,KS,10059828,3,1,2934394,2021,2023
"IMMUNOGENICS, LLC",NEWPORT BEACH,CA,10034502,4,1,2925963,2020,2023
"LUMEN BIOSCIENCE, INC.",SEATTLE,WA,10047191,3,1,2925300,2021,2024
NEW MEXICO STATE UNIVERSITY LAS CRUCES,LAS CRUCES,NM,5895702,4,1,2880166,2020,2023
"PRIMETIME LIFE SCIENCES, LLC",GERMANTOWN,MD,10034580,4,1,2849878,2022,2025
FOUNDATION FOR APPLIED MOLECULAR EVOLUTN,ALACHUA,FL,10003112,4,1,2825608,2021,2024
"PROTHERA BIOLOGICS, LLC",PROVIDENCE,RI,4490801,3,1,2821156,2020,2025
BANFIELDBIO INC.,WOODINVILLE,WA,10020229,3,1,2775723,2022,2024
SOUTHCENTRAL FOUNDATION,ANCHORAGE,AK,2330801,4,1,2702576,2022,2025
"NANOPIN TECHNOLOGIES, INC.",New Orleans,LA,10051982,3,1,2685056,2021,2023
"THYMMUNE THERAPEUTICS, INC",CAMBRIDGE,MA,10066402,4,1,2586728,2022,2025
"ABCOMBI BIOSCIENCES, INC.",AMHERST,NY,10040074,3,1,2512535,2020,2022
ENTVANTAGE DX,AUSTIN,TX,10041298,3,1,2488836,2020,2022
"CLEAR LABS, INC.",MENLO PARK,CA,10061207,1,1,2443961,2024,2024
"ASELL, LLC",OWINGS MILLS,MD,10053661,7,1,2428476,2020,2024
SCINTILLON INSTITUTE FOR PHOTOBIOLOGY,SAN DIEGO,CA,10031214,5,1,2342400,2020,2024
"NEUROGT, INC.",Chapel Hill,NC,10053983,3,1,2276317,2023,2025
METACLIPSE THERAPEUTICS CORPORATION,ATLANTA,GA,10028885,1,1,2199976,2020,2020
NATIONAL MARROW DONOR PROGRAM,MINNEAPOLIS,MN,2689701,3,1,2149845,2024,2025
SOUTHERN METHODIST UNIVERSITY,DALLAS,TX,7645601,3,1,2139287,2023,2025
VACCINE RESEARCH INSTITUTE OF SAN DIEGO,SAN DIEGO,CA,4180701,3,1,2065107,2023,2025
ILLINOIS INSTITUTE OF TECHNOLOGY,CHICAGO,IL,3553001,4,1,2055320,2022,2025
AQUORA RESEARCH AND CONSULTING LLC,HOLLAND,MI,10079619,2,1,2050000,2024,2025
"GENTEGRA, LLC",PLEASANTON,CA,10035626,2,1,2000000,2020,2021
"TRACE-ABILITY, INC.",VAN NUYS,CA,10036116,2,1,2000000,2024,2025
"VOLATYLIX, INC.",CAMBRIDGE,MA,10046098,2,1,2000000,2020,2021
"MEDOSOME BIOTEC, LLC",Alachua,FL,10036755,2,1,1999999,2022,2023
"CROSSLIFE TECHNOLOGIES, INC.",CARLSBAD,CA,10034968,2,1,1999598,2021,2022
"NIRVANA SCIENCES, INC.",Research Triangle Park,NC,10034194,2,1,1997402,2020,2021
"NOVASTERILIS, INC.",LANSING,NY,4566001,3,1,1995655,2022,2025
"NEWOMICS, INC",Berkeley,CA,10030512,2,1,1994730,2020,2021
EXPANSE BIO LLC,NORTH CHARLESTON,SC,10070604,2,1,1991119,2024,2025
"NOVEL MICRODEVICES, LLC",BALTIMORE,MD,10040290,2,1,1983767,2020,2021
WALTER REED ARMY INSTITUTE OF RESEARCH,SILVER SPRING,MD,484329,1,1,1966176,2020,2020
"LIGNAMED, LLC",PHILADELPHIA,PA,10034379,2,1,1964295,2020,2021
"NANOPATHDX, INC.",CAMBRIDGE,MA,10058053,2,1,1961669,2024,2025
"AMBERGEN, INC",WATERTOWN,MA,3372701,2,1,1957250,2022,2023
"MEDICAL SCIENCE & COMPUTING, LLC",ROCKVILLE,MD,10029439,6,1,1950598,2020,2021
"ARC BIO, LLC",CAMBRIDGE,MA,10040825,2,1,1928809,2022,2023
"ZETEO TECH, INC.",SYKESVILLE,MD,10036019,2,1,1912348,2023,2024
"IDBIOLOGICS, LLC",NASHVILLE,TN,10048363,3,1,1911648,2020,2023
KYTOPEN CORP,CAMBRIDGE,MA,10051808,3,1,1881602,2021,2025
EMINENT SERVICES CORPORATION,FREDERICK,MD,10005634,2,1,1814722,2020,2020
"FIBROPLATE, INC.",LAS VEGAS,NV,10047539,2,1,1811658,2020,2021
"SYNBAL, INC.",CARLSBAD,CA,10059622,3,1,1800259,2021,2023
JMI LABORATORIES,NORTH LIBERTY,IA,10082629,10,1,1784983,2020,2024
"HENLEY ION, LLC",Mandeville,LA,10068570,2,1,1772894,2023,2024
"O-RAY PHARMA, INC.",PASADENA,CA,10017026,2,1,1765614,2022,2023
APOGEE BIOTECHNOLOGY CORPORATION,HUMMELSTOWN,PA,4350701,2,1,1734918,2023,2024
"ACCEL DIAGNOSTICS, LLC",Houston,TX,10022675,4,1,1700055,2021,2024
PZA INNOVATION LLC,TOWSON,MD,10062294,2,1,1684821,2024,2025
"ENRICH THERAPEUTICS, INC.",BRANFORD,CT,10052029,2,1,1676000,2020,2021
"HEMEX HEALTH, INC.",Portland,OR,10042694,2,1,1668240,2020,2021
"THYREOS, INC",OAK PARK,IL,10065022,3,1,1664299,2023,2025
E25BIO,Cambridge,MA,10053199,2,1,1626940,2020,2021
LONG ISLAND UNIVERSITY BROOKLYN CAMPUS,GREENVALE,NY,1514704,4,1,1607251,2020,2022
"VALANBIO THERAPEUTICS, INC.",RALEIGH,NC,10040431,2,1,1591745,2020,2021
"AURAGENT BIOSCIENCE, LLC",SAINT LOUIS,MO,10052325,2,1,1583931,2020,2021
"RXBIO, INC.",JOHNSON CITY,TN,10008475,1,1,1524658,2020,2020
"MICROBIAL IMAGING, LLC",LITHIA SPRINGS,GA,10035090,3,1,1514617,2021,2023
"CHRYSALIS BIOTHERAPEUTICS, INC.",GALVESTON,TX,10021989,1,1,1500152,2020,2020
"LUNA INNOVATIONS, INC.",ROANOKE,VA,3604601,1,1,1499998,2021,2021
"ENABLE BIOSCIENCES, INC.",South San Francisco,CA,10040233,2,1,1490377,2020,2021
"CLEU DIAGNOSTICS, LLC",PHILADELPHIA,PA,10049886,2,1,1470755,2022,2023
"SOLIGENIX, INC.",PRINCETON,NJ,3868901,2,1,1466410,2021,2022
"OSEL, INC.",MOUNTAIN VIEW,CA,4011901,2,1,1463683,2020,2021
"LINNAEUS BIOSCIENCE, INC.",SAN DIEGO,CA,10034686,2,1,1433151,2020,2021
REACTIVE BIOSCIENCES INC,DURHAM,NC,10071904,2,1,1417295,2023,2024
CATHOLIC UNIVERSITY OF AMERICA,WASHINGTON,DC,1214101,3,1,1410926,2023,2025
SOLENIC MEDICAL INC,COLLEGE STATION,TX,10055354,2,1,1342570,2020,2021
COVIRA SURGICAL,NORTH CHICAGO,IL,10069394,2,1,1299066,2023,2025
CELESTIAL THERAPEUTICS INC.,IRVINE,CA,10065531,2,1,1290117,2023,2025
"EITR BIOLOGICS, INC.",SAN DIEGO,CA,10068713,2,1,1283552,2023,2025
ONCOSTING LLC,BALTIMORE,MD,10057923,2,1,1261288,2024,2025
"CLAIRYON, INC.",SAN DIEGO,CA,10070847,2,1,1257723,2023,2024
"BOSTON IMMUNE TECHNOLOGIES AND THERAPEUTICS, INC.",WINCHESTER,MA,10042706,2,1,1224907,2023,2025
TERASAKI INSTITUTE FOR BIOMEDICAL INNOVATION,Woodland Hills,CA,10040571,2,1,1222258,2024,2025
"UNITHER VIROLOGY, LLC",GAITHERSBURG,MD,10029247,1,1,1219399,2021,2021
ROWAN UNIVERSITY SCHOOL/OSTEOPATHIC MED,STRATFORD,NJ,10034303,3,1,1207500,2020,2022
"NOVAN, INC.",Durham,NC,10010121,3,1,1123784,2020,2023
PATHOGENDX,Tucson,AZ,10054940,2,1,1076388,2020,2021
"PORTLAND VA RESEARCH FOUNDATION, INC.",PORTLAND,OR,4565801,4,1,1066000,2022,2025
"DARE BIOSCIENCE, INC.",San Diego,CA,10045584,1,1,1000000,2025,2025
"IQUITY LABS, INC",NASHVILLE,TN,10038676,2,1,999990,2020,2021
"XFIBRA, INC.",Del Mar,CA,10032917,1,1,999601,2024,2024
"SONORAN BIOSCIENCES, INC.",TEMPE,AZ,10031380,1,1,999516,2020,2020
"GENOMICS USA, INC.",Round Rock,TX,10002951,1,1,999010,2020,2020
"BIOSCIENCE DEVELOPMENT, INC.",NEW YORK,NY,4112201,1,1,998043,2020,2020
"LIFORDI IMMUNOTHERAPEUTICS, INC.",BOSTON,MA,10079329,1,1,993646,2023,2023
"ADVANCED BIODEVICES, LLC",PRINCETON,NJ,10019494,1,1,993073,2020,2020
"BRIGHTON DEVELOPMENT, LLC",CARY,NC,4405501,2,1,991578,2020,2021
DPLEXBIO INC.,BOTHELL,WA,10061250,2,1,988680,2023,2024
BALL STATE UNIVERSITY,MUNCIE,IN,628901,2,1,982643,2021,2025
"MESA SCIENCE ASSOCIATES, INC.",FREDERICK,MD,10042435,1,1,980358,2025,2025
"ILIAD BIOTECHNOLOGIES, LLC",NEW YORK,NY,10038654,3,1,972074,2022,2024
"LUMINOSTICS, INC.",S​a​n​ ​J​o​s​e​,CA,10036769,2,1,970997,2020,2020
"VIROGENICS, INC.",DEL MAR,CA,10001421,1,1,965711,2020,2020
"SOMAGENICS, INC.",SANTA CRUZ,CA,3187501,1,1,965488,2020,2020
WILLIAM BEAUMONT HOSPITAL RESEARCH INST,ROYAL OAK,MI,2059103,3,1,953691,2022,2024
"MINNETRONIX, INC.",ST. PAUL,MN,3778901,1,1,939151,2020,2020
"NOWDIAGNOSTICS, INC.",SPRINGDALE,AR,10038361,1,1,937500,2020,2020
CENTRAL MICHIGAN UNIVERSITY,MOUNT PLEASANT,MI,1274901,2,1,896389,2020,2024
FRAUNHOFER CENTER /MANUFACTURING INNOV,BROOKLINE,MA,10001734,2,1,880966,2024,2025
"PATHOVAX, LLC",BALTIMORE,MD,10043481,1,1,873677,2020,2020
FAIRLEIGH DICKINSON UNIVERSITY,TEANECK,NJ,1514401,3,1,870721,2023,2025
"TFF PHARMACEUTICALS, INC.",AUSTIN,TX,10059931,1,1,864948,2023,2023
SAN FRANCISCO DEPARTMENT OF PUBLIC HEALTH,SAN FRANCISCO,CA,7249001,4,1,854756,2022,2025
"ABREOS BIOSCIENCES, INC.",SAN DIEGO,CA,10035809,1,1,841118,2020,2020
"DIAGNOSTICS FOR THE REAL WORLD, LTD",Morgan Hill,CA,4479401,2,1,828155,2020,2021
HELIGENICS INC,HENDERSON,NV,10057657,1,1,807664,2025,2025
"MFLUIDX, INC.",BERKELEY,CA,10040533,1,1,797077,2020,2020
"OP-T-MUNE, INC.",Aurora,CO,10020801,1,1,764501,2020,2020
"PROMILIAD BIOPHARMA, INC.",ALBERTON,MT,10003603,1,1,750375,2020,2020
"RESOURCEPATH, LLC",STERLING,VA,10039176,2,1,749697,2023,2024
"SAB CAPRA, LLC",SALT LAKE CITY,UT,10042543,1,1,743067,2020,2020
COMPREHENSIVE CANCER CENTER/ UNIV/PR,SAN JUAN,PR,10024554,2,1,718732,2024,2025
"PAXVAX, INC.",SAN DIEGO,CA,10019208,3,1,697945,2022,2024
SCHEPENS EYE RESEARCH INSTITUTE,BOSTON,MA,6948301,1,1,668569,2024,2024
JACKSON STATE UNIVERSITY,JACKSON,MS,692401,3,1,619790,2021,2022
"THINK THERAPEUTICS, INC.",NEWTON,MA,10062833,2,1,613000,2023,2024
EASTERN MICHIGAN UNIVERSITY,YPSILANTI,MI,2281901,4,1,612125,2022,2025
"CALADAN THERAPEUTICS, INC.",VESTAVIA HILLS,AL,10079550,2,1,607462,2024,2025
"INFRATRAC, INC.",SILVER SPRING,MD,10019450,2,1,604218,2022,2023
BORAGEN INC,DURHAM,NC,10057746,2,1,600139,2020,2021
APHIOS CORPORATION,WOBURN,MA,2256601,2,1,600000,2023,2024
"AUM LIFETECH, INC.",Philadelphia,PA,10046662,2,1,600000,2020,2021
"GLYCOSCIENTIFIC, LLC",ATHENS,GA,10030023,1,1,600000,2023,2023
"MONTANA MOLECULAR, LLC",BOZEMAN,MT,10003886,2,1,600000,2022,2023
"NEOCHROMOSOME, INC.",New York,NY,10038596,2,1,600000,2020,2021
"PLEX PHARMACEUTICALS, INC.",SAN DIEGO,CA,10024654,2,1,600000,2020,2021
"PROTEOVISTA, LLC",MADISON,WI,10026976,1,1,600000,2021,2021
"QENTOROS, LLC",BLACKSBURG,VA,10069501,2,1,600000,2023,2024
"TECHIMMUNE, LLC",NEWPORT BEACH,CA,10065950,2,1,600000,2023,2024
"HAFION, LLC",Ann Arbor,MI,10044975,2,1,599999,2022,2023
LYCHEE BIOSCIENCE LLC,TUCSON,AZ,10071122,2,1,599970,2024,2025
"MABDX, INC.",EUGENE,OR,10031568,2,1,599913,2021,2022
"HILLHURST BIOPHARMACEUTICALS, INC.",MONTROSE,CA,10035381,2,1,599788,2022,2023
"LARIX BIOSCIENCE, LLC",SUNNYVALE,CA,10036147,2,1,599638,2023,2024
"PNEUMOTACTIX, LLC",ATHENS,GA,10059726,2,1,598900,2021,2022
NEUROENE THERAPEUTICS INC,Washington,DC,10039483,2,1,598010,2023,2024
"COMPUTER TECHNOLOGY ASSOCIATES, INC.",Encinitas,CA,10034183,2,1,597223,2022,2023
"BESSOR PHARMA, LLC",FRAMINGHAM,MA,10031321,2,1,596930,2023,2024
"ITHAX PHARMACEUTICALS, INC.",SEATTLE,WA,10049928,2,1,596767,2020,2021
TRAVERSE BIOTECH II INC,New York,NY,10070829,2,1,596655,2024,2025
AJK BIOPHARMACEUTICAL LLC,MISSION VIEJO,CA,10056403,2,1,596643,2022,2023
"GLYCOMANTRA, INC.",HALETHORPE,MD,10038636,2,1,596637,2022,2023
AVSANA LABS INCORPORATED,RICHARDSON,TX,10062451,2,1,596416,2022,2023
UNIVERSAL STABILIZATION TECHNOLOGIES,SAN DIEGO,CA,10003441,2,1,596270,2021,2022
"BIOSYNESIS, INC.",SAN FRANCISCO,CA,10034582,2,1,596113,2022,2023
"CMTX BIOTECH, INC.",KINGS PARK,NY,10054617,2,1,595708,2024,2025
"FLAG BIO, INC.",EAST AURORA,NY,10069733,1,1,594566,2024,2024
"IASO THERAPEUTICS, INC.",EAST LANSING,MI,10051178,2,1,594562,2021,2022
"CURATIX, LLC",NEW HAVEN,CT,10070911,2,1,593970,2023,2024
APPLIED BIOTECHNOLOGY INSTITUTE,SAN LUIS OBISPO,CA,10005837,2,1,593524,2021,2022
"ASTRADX, INC.",CHESTNUT HILL,MA,10059858,2,1,593280,2022,2023
TUFTS UNIVERSITY MEDFORD,Boston,MA,8422701,3,1,592317,2020,2021
HUMBOLDT STATE UNIVERSITY,ARCATA,CA,513612,4,1,590000,2022,2025
"SAPIENCE THERAPEUTICS, INC.",Tarrytown,NY,10046104,2,1,588038,2021,2022
"SOYMEDS, INC.",DAVIDSON,NC,10007281,2,1,583553,2021,2022
"KJ BIOSCIENCES, LLC",COLLEGE STATION,TX,10025945,2,1,582943,2024,2025
AMPLIFIDX INC,CHARLESTOWN,MA,10063722,2,1,579964,2023,2024
RAZI PHARMA LLC,ATLANTA,GA,10061078,2,1,579425,2022,2023
"REALTA LIFE SCIENCES, INC.",NORFOLK,VA,10049453,1,1,578570,2020,2020
LATDE DIAGNOSTICS CORP.,NORTHAMPTON,MA,10066824,2,1,571354,2024,2025
MITCHELL GROUP INC,WASHINGTON,DC,-319663,1,1,564034,2021,2021
"ABCAM, INC.",CAMBRIDGE,MA,10040747,1,1,557891,2020,2020
MARINE BIOLOGICAL LABORATORY,WOODS HOLE,MA,4822201,5,1,540540,2021,2025
"MAGENTA THERAPEUTICS, INC.",CAMBRIDGE,MA,10054950,1,1,514184,2020,2020
SEATTLE UNIVERSITY,SEATTLE,WA,7394801,1,1,511763,2025,2025
LOUISIANA STATE UNIV AGRICULTURAL CENTER,BATON ROUGE,LA,10008666,1,1,508647,2021,2021
HOPA MOUNTAIN,BOZEMAN,MT,10039243,2,1,508600,2024,2025
PACIFIC NORTHWEST RESEARCH INSTITUTE,SEATTLE,WA,6353601,2,1,506000,2023,2024
"EYDIS BIO, INC.",DURHAM,NC,10054079,1,1,499825,2025,2025
"EDEN PARK ILLUMINATION, INC.",CHAMPAIGN,IL,10040169,1,1,496362,2020,2020
"ABTERRA BIOSCIENCES, INC.",SAN DIEGO,CA,10066637,1,1,491915,2021,2021
"FELIX BIOTECHNOLOGY, INC.",SAN FRANCISCO,CA,10059586,2,1,484424,2022,2023
NIGHTINGALE LABS CORPORATION,SOLANA BEACH,CA,10057991,2,1,484353,2023,2024
WESLEYAN UNIVERSITY,MIDDLETOWN,CT,9140901,1,1,474697,2023,2023
ROWAN UNIVERSITY,GLASSBORO,NJ,3873001,1,1,474363,2025,2025
LA JOLLA INFECTIOUS DISEASE INSTITUTE,SAN DIEGO,CA,10014247,2,1,468500,2021,2022
UNIVERSITY OF NORTH TEXAS,DENTON,TX,6108501,1,1,466440,2023,2023
"INSTITUTE FOR PROTEIN INNOVATION, INC.",BOSTON,MA,10047634,2,1,451550,2021,2022
"MALARVX, INC.",SEATTLE,WA,10032992,2,1,447450,2020,2021
BLUEFIELD STATE UNIVERSITY,BLUEFIELD,WV,528901,1,1,444000,2023,2023
RUTGERS THE STATE UNIV OF NJ NEWARK,NEWARK,NJ,1196204,2,1,431750,2022,2023
PEPPERDINE UNIVERSITY,MALIBU,CA,6474501,1,1,428341,2022,2022
LEHIGH UNIVERSITY,BETHLEHEM,PA,4459301,2,1,426061,2021,2022
QUEENS COLLEGE,FLUSHING,NY,1605021,2,1,423500,2021,2022
BOWLING GREEN STATE UNIVERSITY,BOWLING GREEN,OH,1523202,1,1,419466,2025,2025
"SAB BIOTHERAPEUTICS, INC.",SIOUX FALLS,SD,10036703,1,1,418106,2020,2020
UNIVERSITY OF RICHMOND,RICHMOND,VA,6980601,1,1,416165,2024,2024
HERBERT H. LEHMAN COLLEGE,NEW YORK,NY,1605022,1,1,412746,2024,2024
LOYOLA UNIVERSITY OF CHICAGO,CHICAGO,IL,4689201,1,1,410867,2022,2022
"PYLUM BIOSCIENCES, INC.",San Carlos,CA,10053588,1,1,409678,2020,2020
UNIVERSITY OF SOUTH CAROLINA,SPARTANBURG,SC,10071295,1,1,406504,2023,2023
SEATTLE PACIFIC UNIVERSITY,SEATTLE,WA,7391001,1,1,404724,2024,2024
FLORIDA GULF COAST UNIVERSITY,FORT MYERS,FL,3969001,1,1,404055,2024,2024
TEXAS A&M UNIVERSITY-KINGSVILLE,KINGSVILLE,TX,8266918,2,1,400883,2021,2022
UNIVERSITY OF HAWAII AT HILO,HILO,HI,820003,2,1,400125,2023,2024
OCCIDENTAL COLLEGE,LOS ANGELES,CA,6195901,1,1,397931,2024,2024
WILLIAMS COLLEGE,WILLIAMSTOWN,MA,9292901,1,1,392862,2022,2022
UNIVERSITY OF AKRON,AKRON,OH,89301,2,1,392332,2020,2021
MICROBIOCHIP DIAGNOSTICS LLC,EL PASO,TX,10061553,2,1,390952,2022,2023
"NEMOURS CHILDREN'S HOSPITAL, DELAWARE",WILMINGTON,DE,1804102,2,1,389625,2020,2021
"ADVARRA, INC.",COLUMBIA,MD,10089010,4,1,387599,2024,2025
UNIVERSITY OF NORTH CAROLINA  ASHEVILLE,ASHEVILLE,NC,578216,1,1,384353,2021,2021
UNIVERSITY OF TEXAS TYLER,TYLER,TX,578421,2,1,380750,2021,2022
BENTLEY UNIVERSITY,WALTHAM,MA,3490001,1,1,379139,2023,2023
TEXAS WOMAN'S UNIVERSITY,DENTON,TX,8295401,1,1,378837,2023,2023
PACIFIC UNIVERSITY,FOREST GROVE,OR,6359301,1,1,376572,2021,2021
UNIVERSITY OF NEBRASKA OMAHA,OMAHA,NE,578102,1,1,371250,2023,2023
UNIVERSITY OF WISCONSIN EAU CLAIRE,EAU CLAIRE,WI,578507,1,1,369431,2024,2024
CALIFORNIA STATE UNIVERSITY LONG BEACH,LONG BEACH,CA,513605,2,1,368724,2024,2025
"C3 JIAN, LLC",Marina del Rey,CA,10007527,1,1,367300,2020,2020
CALVIN UNIVERSITY,GRAND RAPIDS,MI,1102001,1,1,362411,2020,2020
VILLANOVA UNIVERSITY,VILLANOVA,PA,8943301,1,1,359073,2024,2024
CALIFORNIA STATE POLY U POMONA,POMONA,CA,513608,2,1,358989,2024,2025
UNIVERSITY OF WISCONSIN OSHKOSH,OSHKOSH,WI,578509,2,1,356168,2020,2021
MISSOURI STATE UNIVERSITY,SPRINGFIELD,MO,7664601,1,1,355756,2022,2022
WESTERN KENTUCKY UNIVERSITY,BOWLING GREEN,KY,9186501,2,1,354650,2024,2025
XAVIER UNIVERSITY OF LOUISIANA,NEW ORLEANS,LA,9416401,2,1,353750,2024,2025
CALIFORNIA STATE UNIVERSITY FRESNO,FRESNO,CA,513611,2,1,350000,2024,2025
VETERANS HEALTH FOUNDATION,PITTSBURGH,PA,10021798,2,1,347188,2023,2024
"MAGIC LIFESCIENCE, INC.",MOUNTAIN VIEW,CA,10077306,2,1,344658,2024,2025
KAISER FOUNDATION HEALTH PLAN OF WASHINGTON,SEATTLE,WA,3080503,5,1,342374,2020,2022
NEW JERSEY INSTITUTE OF TECHNOLOGY,NEWARK,NJ,6004001,2,1,338487,2021,2022
UNIVERSITY OF ALASKA FAIRBANKS,FAIRBANKS,AK,1078602,1,1,332140,2020,2020
MIDDLEBURY COLLEGE,MIDDLEBURY,VT,5259201,1,1,332044,2020,2020
"ACATECHOL, INC.",Pasadena,CA,10055985,2,1,328485,2023,2024
TRULY TECHNOLOGIES LLC,Seattle,WA,10067324,2,1,327625,2023,2024
MORGAN STATE UNIVERSITY,BALTIMORE,MD,5492901,1,1,326103,2020,2020
"BIOAMP DIAGNOSTICS, INC.",San Mateo,CA,10047814,2,1,323115,2024,2025
AAIIT LLC,SAN DIEGO,CA,10068641,1,1,320863,2025,2025
"JERICHO SCIENCES, LLC",SPRINGFIELD,VA,10024423,1,1,320863,2025,2025
"INTEGRATED LABORATORY SYSTEMS, LLC",RESEARCH TRIANGLE PARK,NC,1933801,1,1,315417,2022,2022
"SUPERIOR STATISTICAL RESEARCH, LLC",SIOUX CENTER,IA,10059428,2,1,314613,2022,2023
"GAVIA BIO, LLC",MINNEAPOLIS,MN,10083351,1,1,314363,2025,2025
PRIOGEN CORP,SAINT PAUL,MN,10079995,1,1,314363,2025,2025
"PRODIGY BIOTECH, INC.",WEST CHESTER,PA,10087652,1,1,314363,2025,2025
"RAREFIED BIOSCIENCES, INC.",SANTA MONICA,CA,10076692,1,1,313176,2025,2025
"CHITOZAN HEALTH, LLC",Summerville,SC,10059243,2,1,309157,2022,2023
"VISHENARY, LLC",HOCKESSIN,DE,10065947,1,1,308669,2025,2025
"CELLIA SCIENCE, INC.",FAYETTEVILLE,AR,10069505,1,1,306872,2025,2025
"149 BIO, LLC",MIAMI,FL,10067611,1,1,306500,2023,2023
"DATIRIUM, LLC",Cincinnati,OH,10046926,1,1,306500,2025,2025
"DOOR PHARMACEUTICALS, LLC",BLOOMINGTON,IN,10049471,1,1,306500,2024,2024
METABOLITEDX CORP,REDMOND,WA,10070628,1,1,306500,2024,2024
MINK THERAPEUTICS INC,NEW YORK,NY,10082161,1,1,306500,2025,2025
SUNFLOWER THERAPEUTICS PBC,MEDFORD,MA,10083882,1,1,306347,2025,2025
LYBRA BIO INC.,ALLSTON,MA,10089001,1,1,306321,2025,2025
KOMMODO HOLDINGS CORP.,SHOREVIEW,MN,10076345,1,1,304838,2025,2025
LACTIGA US INC.,NORTH BRUNSWICK,NJ,10076563,1,1,304629,2025,2025
"PROTABIT, LLC",PASADENA,CA,10028879,1,1,304602,2025,2025
AINCOBIO LLC,Syracuse,NY,10059267,1,1,302714,2022,2022
"SYNVECT, INC.",SAN DIEGO,CA,10089489,1,1,302537,2025,2025
"PROGENRA, INC.",MALVERN,PA,10001460,1,1,302421,2025,2025
"TRPBLUE, INC.",Chapel Hill,NC,10054006,1,1,302320,2020,2020
"ZENVAX, LLC",Helotes,TX,10045779,1,1,301674,2025,2025
"SHY THERAPEUTICS, LLC",HARRISON,NY,10076705,1,1,300616,2025,2025
ACHEMINALL CORPORATION,NAPERVILLE,IL,10073300,1,1,300000,2024,2024
"ALEXANDER BIODISCOVERIES, LLC",CHARLOTTESVILLE,VA,10020545,1,1,300000,2021,2021
"AMBERSTONE BIOSCIENCES, INC",Laguna Hills,CA,10044919,1,1,300000,2021,2021
CAROGEN CORPORATION,HAMDEN,CT,10032964,1,1,300000,2020,2020
"EFFECTORBIO, INC.",DAVIS,CA,10042681,1,1,300000,2023,2023
"ELECTRONIC BIOSCIENCES, INC.",SAN DIEGO,CA,10008060,1,1,300000,2023,2023
"FORWARD DEFENSE, LLC",St. Louis,MO,10064784,1,1,300000,2022,2022
"GENECURE, LLC",NORCROSS,GA,3928301,1,1,300000,2022,2022
GENELANCET BIOSCIENCES INC,Doylestown,PA,10061770,1,1,300000,2022,2022
"GENERAL NANOTHERAPEUTICS, LLC",SANTA MONICA,CA,10059182,1,1,300000,2022,2022
"INDEE, INC",Berkeley,CA,10039065,1,1,300000,2020,2020
INNOV8AI,LOS GATOS,CA,10090278,1,1,300000,2022,2022
"INSILICOM, LLC",TALLAHASSEE,FL,10040684,1,1,300000,2024,2024
IONIC PHARMACEUTICALS,Watertown,MA,10028840,1,1,300000,2024,2024
IVIDENCE INC,HOCKESSIN,DE,10082919,1,1,300000,2025,2025
"LIFEPHARMS, INC.",NEW LONDON,CT,3250301,1,1,300000,2025,2025
"LIFESENSORS, INC.",MALVERN,PA,3923401,1,1,300000,2020,2020
"MICRORID TECHNOLOGIES, INC.",DIX HILLS,NY,10042332,1,1,300000,2024,2024
"NABGEN, INC.",DURHAM,NC,10057595,1,1,300000,2020,2020
"NANOCOMPOSIX, INC.",SAN DIEGO,CA,10005283,1,1,300000,2020,2020
"NEUIMMUNE BIOLOGICS, INC.",SYKESVILLE,MD,10064586,1,1,300000,2023,2023
"NFERENCE, INC.",CAMBRIDGE,MA,10063819,1,1,300000,2022,2022
PHAST CORPORATION,BOSTON,MA,10045998,1,1,300000,2020,2020
"REGULUS THERAPEUTICS, LLC",SAN DIEGO,CA,10024167,1,1,300000,2020,2020
"RUMI SCIENTIFIC, INC.",New York,NY,10050057,1,1,300000,2023,2023
SANFORD RESEARCH/USD,SIOUX FALLS,SD,10014066,1,1,300000,2024,2024
"SCALED MICROBIOMICS, LLC",HAGERSTOWN,MD,10047735,1,1,300000,2023,2023
"SCRIBE BIOSCIENCES, INC.",SAN FRANCISCO,CA,10042125,1,1,300000,2023,2023
"SINGLETO2 THERAPEUTICS, LLC",Summit,NJ,10039959,1,1,300000,2024,2024
"TECHNOVAX, INC.",ELMSFORD,NY,10004226,1,1,300000,2020,2020
"THIMBLE THERAPEUTICS, INC.",CAMARILLO,CA,10057600,1,1,300000,2022,2022
"TOPAZ BIOSCIENCES, INC.",EMERYVILLE,CA,10070694,1,1,300000,2024,2024
"TORUS BIOSYSTEMS, INC.",Medford,MA,10054626,1,1,300000,2021,2021
VARIGEN BIOSCIENCES CORPORATION,Middleton,WI,10042829,1,1,300000,2023,2023
"VAXFORM, LLC",NAZARETH,PA,10035490,1,1,300000,2021,2021
VELLUM BIOSCIENCES LLC,PHILADELPHIA,PA,10067557,1,1,300000,2024,2024
"ABZYME THERAPEUTICS, LLC",POTTSTOWN,PA,10027013,1,1,299999,2023,2023
"DISCIDIUM BIOSCIENCES, LLC",MIAMI,FL,10039394,1,1,299999,2022,2022
"IREX PHARMA, LLC",CHAPEL HILL,NC,10045760,1,1,299999,2020,2020
"KITWARE, INC.",CLIFTON PARK,NY,4014501,1,1,299999,2024,2024
XIRETSA INC.,SANTA BARBARA,CA,10059522,1,1,299995,2024,2024
"SIMPLE VUE LLC, THE",ATLANTA,GA,10073473,1,1,299993,2022,2022
TOLKA.AI INC,MIAMI,FL,10075241,1,1,299993,2024,2024
"APPLIED BIOMATH, LLC",Concord,MA,10036953,1,1,299987,2023,2023
"DAHLIA BIOSCIENCES, INC.",San Francisco,CA,10048130,1,1,299978,2021,2021
"VIVA VIRAL VACCINES, INC.",ITHACA,NY,10081456,1,1,299968,2025,2025
RNA THERAPEUTICS INC.,Newark,DE,10071139,1,1,299967,2024,2024
ARETE BIOSCIENCES,CHICAGO,IL,10076658,1,1,299961,2024,2024
OMNISYNC INCORPORATED,SAN DIEGO,CA,10058009,1,1,299957,2024,2024
"PHOENIX BIOSYSTEM, INC.",PLEASANTON,CA,4399001,1,1,299957,2021,2021
"GEOVAX, INC.",SMYRNA,GA,4538001,1,1,299927,2021,2021
"UBIQUITX, INC.",NEW YORK,NY,10064456,1,1,299921,2024,2024
"VULCAN BIOLOGICS, INC.",IRVINE,CA,10057552,1,1,299914,2024,2024
CONCERTO BIOSCIENCES,CAMBRIDGE,MA,10057268,1,1,299907,2022,2022
"ESPER BIOSCIENCES, INC.",ITHACA,NY,10040751,1,1,299889,2021,2021
GROW BIOMEDICINE LLC,SACRAMENTO,CA,10055715,1,1,299874,2020,2020
"NANOHMICS, INC.",AUSTIN,TX,10000781,1,1,299868,2025,2025
"LUMINARY THERAPEUTICS, INC.",MINNEAPOLIS,MN,10056556,1,1,299770,2023,2023
"PEEL THERAPEUTICS, INC.",Salt Lake City,UT,10044769,1,1,299675,2021,2021
"TRITON SYSTEMS, INC.",CHELMSFORD,MA,4327301,1,1,299610,2023,2023
"CHEMITOPE GLYCOPEPTIDE, LLC",BROOKLYN,NY,10047636,1,1,299591,2020,2020
"GATE SCIENTIFIC, INC.",MILPITAS,CA,10040707,1,1,299576,2024,2024
"THETIS PHARMACEUTICALS, LLC",DEEP RIVER,CT,10033784,1,1,299561,2021,2021
"NIGHTHAWK BIOSCIENCES, INC.",Morrisville,NC,10020622,1,1,299411,2023,2023
"DARWIN BIOSCIENCES, INC.",BROOMFIELD,CO,10074871,1,1,299408,2024,2024
"IFYBER, LLC",Ithaca,NY,10021833,1,1,299356,2020,2020
JOHN SNOW LABS INC,LEWES,DE,10073282,1,1,299208,2024,2024
"IDGENOMICS, INC.",SEATTLE,WA,10033852,1,1,299200,2021,2021
"ONCOTRAP, INC.",CHAPEL HILL,NC,10045918,1,1,299128,2022,2022
"INFOTECH SOFT, INC.",MIAMI,FL,4474801,1,1,298988,2024,2024
"SHERLOCK BIOSCIENCES, INC.",WATERTOWN,MA,10075528,1,1,298948,2024,2024
SCIENTIFIC HORIZONS CONSULTING LLC,Irvine,CA,10070870,1,1,298530,2024,2024
KOVINA THERAPEUTICS INC.,INDIANAPOLIS,IN,10064494,1,1,298527,2022,2022
"PREDICTIVE, LLC",RALEIGH,NC,10056535,1,1,298262,2024,2024
"CASTERBRIDGE PHARMACEUTICALS, INC.",WINCHESTER,MA,10041269,1,1,297245,2020,2020
"ADAPTIVE PHAGE THERAPEUTICS, INC.",BETHESDA,MD,10056428,1,1,296787,2021,2021
"SENTIENT RESEARCH, INC.",WEST COVINA,CA,10030773,1,1,295649,2024,2024
"RED GENOMICS, INC",CARLSBAD,CA,10054697,1,1,295294,2023,2023
"ACOUSTICABIO, INC.",CAMBRIDGE,MA,10071556,1,1,295116,2024,2024
STATERA THERAPEUTICS INC.,NEW HAVEN,CT,10056529,1,1,295051,2021,2021
"IGE IMMUNO DIAGNOSTIC SYSTEMS, INC.",Wellington,FL,10007079,1,1,294948,2023,2023
"COMPOVAX, LLC",MOBILE,AL,10042869,1,1,294877,2024,2024
"AUMENTA BIOSCIENCES, INC.",HOUSTON,TX,10066299,1,1,289194,2022,2022
AMERICAN UNIVERSITY,Washington,DC,399001,1,1,289015,2022,2022
"MATRUBIALS, INC.",ROSEVILLE,CA,10053240,1,1,286968,2022,2022
SIXAL CORPORATION,SANTA MONICA,CA,10030423,1,1,286656,2020,2020
"P2D, INC.",CINCINNATI,OH,10006115,1,1,284306,2020,2020
BURST DIAGNOSTICS LLC,FORT COLLINS,CO,10064556,1,1,279557,2023,2023
"MY OWN MED, INC.",CHEVY CHASE,MD,10048402,1,1,275942,2024,2024
"NECTAGEN, INC.",Lawrence,KS,10018620,1,1,274500,2023,2023
"PARION SCIENCES, INC.",DURHAM,NC,4520501,1,1,274173,2020,2020
"NXT BIOLOGICS, INC.",ATHENS,GA,10051835,1,1,272439,2020,2020
"ADVAC, LLC",LILBURN,GA,10044911,1,1,272223,2020,2020
JUNIATA COLLEGE,HUNTINGDON,PA,4153401,2,1,271202,2024,2025
"GATACA, LLC",NEWPORT,VA,10007692,1,1,267225,2020,2020
"PHOTON BIOSCIENCES, LLC",Spokane,WA,10045997,1,1,265092,2020,2020
"AEROSOL DEVICES, INC.",Fort Collins,CO,10048295,1,1,262802,2021,2021
"CIENCIA, INC.",Mansfield Ctr.,CT,2833001,1,1,259613,2022,2022
"VIC FOUNDRY, INC.",FAYETTEVILLE,AR,10056727,1,1,259553,2023,2023
"FIREBIRD BIOMOLECULAR SCIENCES, LLC",ALACHUA,FL,10006177,1,1,258854,2021,2021
"DERMALYTICA, INC.",Beverly,MA,10037530,1,1,258631,2020,2020
"N8 MEDICAL, INC.",Dublin,OH,10034836,1,1,258455,2023,2023
SYNSHARK LLC,COLLEGE STATION,TX,10063133,1,1,257003,2022,2022
"GT MOLECULAR, LLC",FORT COLLINS,CO,10055528,1,1,256575,2022,2022
"NOVAB, INC.",ATLANTA,GA,10035415,1,1,256506,2021,2021
"CASCADE THERAPEUTICS, INC.",GERMANTOWN,MD,10039155,1,1,256500,2021,2021
"LAB11 THERAPEUTICS, LLC",BROOKLYN,NY,10048761,1,1,255932,2021,2021
"LENIMA FIELD DIAGNOSTICS, LLC",BRYN MAWR,PA,10034564,1,1,252128,2020,2020
"NEUTROLIS, INC.",BOSTON,MA,10048575,1,1,251744,2020,2020
"HYPROTEK, INC.",SPOKANE,WA,10034567,1,1,251572,2020,2020
"PURILOGICS, LLC",GREENVILLE,SC,10035284,1,1,251170,2020,2020
INSO BIOSCIENCES INC,Ithaca,NY,10051810,1,1,250894,2021,2021
"RESVITA BIO, INC.",Berkeley,CA,10069343,1,1,249935,2023,2023
KENYON COLLEGE,GAMBIER,OH,4248401,1,1,244320,2025,2025
"CACTUS BIO, LLC",SCOTTSDALE,AZ,10052121,1,1,243118,2023,2023
"ALPH TECHNOLOGIES, LLC",CINCINNATI,OH,10051856,1,1,241018,2020,2020
LAKE FOREST COLLEGE,LAKE FOREST,IL,4387101,2,1,239633,2024,2025
"MORGRIDGE INSTITUTE FOR RESEARCH, INC.",MADISON,WI,10023197,1,1,236066,2022,2022
HELIOWAVE TECHNOLOGIES LLC,COLLEGE STATION,TX,10064881,1,1,233475,2022,2022
SAN FRANCISCO STATE UNIVERSITY,SAN FRANCISCO,CA,513615,1,1,233375,2020,2020
"LGENIA, INC.",Fortville,IN,10051717,1,1,225343,2020,2020
"PELICAN THERAPEUTICS, INC.",SAN ANTONIO,TX,10054051,1,1,224713,2020,2020
NAMI DIAGNOSTICS LLC,ORLAND PARK,IL,10067522,1,1,224079,2023,2023
"BASE PAIR BIOTECHNOLOGIES, INC.",PEARLAND,TX,10033420,1,1,221014,2020,2020
"MARSHFIELD CLINIC, INC.",MARSHFIELD,WI,4843101,2,1,212424,2022,2023
"LIBERTY UNIVERSITY, INC.",LYNCHBURG,VA,4378001,1,1,209417,2022,2022
"SPINCEUTICA, INC.",SANTA FE,NM,10041741,1,1,205299,2020,2020
COLLEGE AT OLD WESTBURY,OLD WESTBURY,NY,5992637,1,1,199625,2025,2025
"ROSKAMP INSTITUTE, INC.",SARASOTA,FL,10033497,1,1,197454,2020,2020
"MOSQUITOMATE, INC.",Lexington,KY,10027931,1,1,193500,2020,2020
LONG ISLAND UNIVERSITY C. W. POST CENTER,GREENVALE,NY,1514702,1,1,192500,2020,2020
TOURO UNIVERSITY OF CALIFORNIA,VALLEJO,CA,10002757,1,1,178750,2020,2020
"NIMML INSTITUTE, INC.",Blacksburg,VA,10058458,1,1,171254,2025,2025
KENT STATE UNIVERSITY,KENT,OH,1523302,2,1,166719,2023,2024
BERNARD M. BARUCH COLLEGE,NEW YORK,NY,1605026,2,1,166250,2022,2023
SURGICAL INFECTION SOCIETY FOUNDATION FOR EDUCATION AND RESEARCH,EAST NORTHPORT,NY,10071859,1,1,165000,2024,2024
"MSTM, LLC",NEWARK,DE,10059376,1,1,159060,2023,2023
"HEARTLAND VACCINES, LLC",STILLWATER,OK,10052197,1,1,158518,2020,2020
"ALLERGY AMULET, INC.",MADISON,WI,10044657,1,1,157669,2023,2023
"MAROON BIOTECH, INC.",CHICAGO,IL,10012239,1,1,157400,2025,2025
"SIGNABLOK, INC.",WORCESTER,MA,10027457,1,1,155857,2025,2025
LSU PENNINGTON BIOMEDICAL RESEARCH CTR,BATON ROUGE,LA,577909,2,1,152891,2020,2021
WESTERN MICHIGAN UNIVERSITY,KALAMAZOO,MI,9194101,2,1,151000,2021,2022
"CARTESIAN THERAPEUTICS, INC.",Gaithersburg,MD,10042658,1,1,149008,2024,2024
ORTHOBOND CORPORATION,Monmouth Junction,NJ,10007319,1,1,146428,2022,2022
UNIVERSITY OF LOUISIANA AT MONROE,MONROE,LA,6112301,2,1,145000,2024,2025
DIVISION OF AGRICULTURE,FAYETTEVILLE,AR,10035905,2,1,143526,2021,2022
"CUBRC, INC.",BUFFALO,NY,10010861,2,1,142563,2022,2022
CHILDREN'S HOSPITAL & RES CTR AT OAKLAND,OAKLAND,CA,1514301,1,1,141839,2020,2020
BATES COLLEGE,LEWISTON,ME,680201,1,1,138900,2020,2020
CHAPMAN UNIVERSITY,ORANGE,CA,1328101,2,1,138000,2023,2024
UNIVERSITY OF MARYLAND EASTERN SHORE,PRINCESS ANNE,MD,820105,1,1,137648,2024,2024
"DISTRIBUTED BIO, LLC",SOUTH SAN FRANCISCO,CA,10033549,1,1,137233,2020,2020
NEPHROPATHOLOGY ASSOCIATES,LITTLE ROCK,AR,4404401,1,1,135379,2022,2022
FORT LEWIS COLLEGE,DURANGO,CO,130601,1,1,130000,2025,2025
NORTHERN VERMONT UNIVERSITY-JOHNSON,JOHNSON,VT,1636404,2,1,115424,2021,2022
"CCS ASSOCIATES, INC.",SAN JOSE,CA,2083701,1,1,105871,2024,2024
"ORTHOGONAL BIOLOGICS, INC.",CHAMPAIGN,IL,10060625,1,1,95981,2021,2021
SAINT JOSEPH'S UNIVERSITY,PHILADELPHIA,PA,7862501,1,1,81645,2022,2022
MIDWESTERN UNIVERSITY (GLENDALE AZ),GLENDALE,AZ,10003080,1,1,75000,2020,2020
"PROFECTUS BIOSCIENCES, INC.",BALTIMORE,MD,10006808,1,1,69471,2020,2020
CENTRAL CONNECTICUT STATE UNIVERSITY,NEW BRITAIN,CT,600901,1,1,68023,2020,2020
"ICHOR BIOLOGICS, LLC",NEW YORK,NY,10047222,1,1,55000,2020,2020
"ADJUVANCE TECHNOLOGIES, INC.",NEW YORK,NY,10024422,1,1,44297,2020,2020
UNIVERSITY OF BRIDGEPORT,BRIDGEPORT,CT,944301,1,1,18795,2021,2021
"CREAGEN, INC.",WOBURN,MA,10004792,1,1,8746,2021,2021
"INTERNATIONAL EOSINOPHIL SOCIETY, INC.",MILWAUKEE,WI,10031981,1,1,7000,2023,2023
CHLAMYDIA BASIC RESEARCH SOCIETY,Charlottesville,VA,10006158,1,1,6500,2023,2023
ROCKY MOUNTAIN VIROLOGY ASSOCIATION,FORT COLLINS,CO,10030800,1,1,3310,2020,2020
AMERICAN SOCIETY OF TROP MED & HYGIENE,Arlington,VA,218401,1,1,3000,2022,2022
CHARLES STARK DRAPER LABORATORY,CAMBRIDGE,MA,964201,1,1,2500,2024,2024
INSTITUTE FOR CLINICAL PHARMACODYNAMICS,Schenectady,NY,10034802,1,1,2500,2024,2024
"MIMETAS US, INC.",GAITHERSBURG,MD,10038016,1,1,2500,2024,2024
"LATHAM BIOPHARM GROUP, INC.",CAMBRIDGE,MA,10061961,2,1,2000,2023,2023
AAPHARMASYN LLC,ANN ARBOR,MI,10071422,1,1,1800,2025,2025
